region_id,region,region_exec,measure_wall_ms,resctrl_wall_ms,delta_wall_ms,delta_wall_pct,measure_max_thread_ms,resctrl_max_thread_ms,delta_max_thread_ms,measure_mean_thread_ms,resctrl_mean_thread_ms,delta_mean_thread_ms,measure_imbalance_ms,resctrl_imbalance_ms,delta_imbalance_ms,measure_llc_miss_rate,resctrl_llc_miss_rate,delta_llc_miss_rate_pct_point,resctrl_target_mean,resctrl_target_min,resctrl_target_max,resctrl_applied_threads,resctrl_enabled_threads
2,heat_update,100,178.06748300000254,189.50838099999964,11.440897999997105,6.425034940263036,175.249072,181.74123,6.492157999999989,119.632115875,127.71466331250001,8.082547437500011,116.27957200000002,106.597734,-9.681838000000013,0.762919945774993,0.7797344943707278,1.6814548595734835,73.125,40.0,100.0,16,16
2,heat_update,200,187.13702500000363,191.54661399999895,4.4095889999953215,2.3563423646364132,183.257419,184.673222,1.415803000000011,124.25878312500001,156.9246453125,32.66586218749998,124.21269799999999,83.10801800000002,-41.10467999999997,0.7706474405238356,0.7902594261603094,1.9611985636473817,65.0,30.0,100.0,16,16
2,heat_update,300,183.18761499999528,193.58378499999526,10.396169999999984,5.675148944976576,182.308454,187.978326,5.669871999999998,123.66378350000001,154.608268625,30.944485124999986,123.355164,85.159293,-38.195871,0.7700835728395099,0.7902502954545675,2.0166722615057586,65.625,30.0,100.0,16,16
2,heat_update,400,181.59412699998938,181.8874519999954,0.29332500000600703,0.1615278009547215,180.070224,176.407875,-3.662349000000006,122.53428381250001,157.324616625,34.7903328125,121.206414,73.94258799999999,-47.26382600000001,0.7700855556797421,0.7929447523898928,2.2859196710150687,65.0,30.0,100.0,16,16
2,heat_update,500,177.149642999997,187.6593270000012,10.5096840000042,5.9326588651405725,176.459693,181.07993,4.620237000000003,120.2248123125,141.9391751875,21.714362875000006,118.34454899999999,80.12707999999999,-38.217468999999994,0.7668081981901745,0.7834954675239358,1.66872693337613,68.125,30.0,100.0,16,16
2,heat_update,600,167.91595100000268,169.27928200000315,1.3633310000004712,0.8119127407975968,166.397974,162.597636,-3.8003380000000107,114.77979725,136.8373095625,22.057512312499995,109.944863,65.044975,-44.899888000000004,0.754807382391362,0.7771326608207847,2.232527842942267,68.125,30.0,100.0,16,16
2,heat_update,700,159.2465749999974,162.76758600000176,3.521011000004364,2.2110434714243756,157.638497,158.202854,0.5643570000000011,109.8320316875,130.827767125,20.995735437500002,101.875325,60.588832,-41.28649300000001,0.7437582762372389,0.7681609412296289,2.4402664992389966,68.125,30.0,100.0,16,16
2,heat_update,800,154.23439100000542,154.29896799998824,0.06457699998281896,0.04186939084345767,153.033146,148.851971,-4.181174999999996,107.39004874999999,129.059221625,21.669172875,97.74588499999999,52.22008699999999,-45.525797999999995,0.7378180214229392,0.7651673426857731,2.734932126283396,68.125,30.0,100.0,16,16
2,heat_update,900,150.30594900000142,149.332304999989,-0.9736440000124276,-0.6477747597418239,149.389898,143.822077,-5.567820999999981,105.32890524999999,126.282663875,20.953758625000006,94.51082,48.48578400000001,-46.025035999999986,0.7323444157978125,0.7602111673929632,2.786675159515073,68.125,30.0,100.0,16,16
2,heat_update,1000,143.46885600002133,146.88675700000022,3.417900999978883,2.382329583765814,142.621528,142.454281,-0.16724700000000325,101.878073375,123.1294444375,21.2513710625,88.54184400000001,48.248772,-40.29307200000001,0.7241653383898752,0.7521492865975834,2.798394820770822,68.125,30.0,100.0,16,16
2,heat_update,1100,133.43672800000058,133.16738699999405,-0.26934100000653416,-0.2018492240056523,132.415053,126.974091,-5.440961999999999,96.618586375,117.4446605625,20.826074187499998,78.538995,35.137322999999995,-43.401672000000005,0.7088501505989447,0.7405735992573307,3.1723448658385944,68.125,30.0,100.0,16,16
2,heat_update,1200,124.69082899999921,127.96658399997978,3.2757549999805633,2.627101789483318,123.845256,120.447462,-3.3977940000000046,92.0381200625,111.77713125,19.739011187499997,70.964293,33.017786,-37.946507,0.6997994160804877,0.7320258126426382,3.222639656215054,68.75,30.0,100.0,16,16
2,heat_update,1300,116.42844699998386,120.6578580000205,4.2294110000366345,3.6326268270478788,115.54902,114.77564,-0.7733800000000031,87.3756565625,97.5110434375,10.135386875000009,63.088467,37.18023699999999,-25.90823000000001,0.6879567662298847,0.7083043453879533,2.034757915806862,71.875,30.0,100.0,16,16
2,heat_update,1400,111.04243399997358,112.96057300001848,1.9181390000449028,1.727392791160683,110.407288,107.376127,-3.0311609999999973,84.67352137499999,95.5942236875,10.920702312500012,58.21538399999999,29.759208,-28.456175999999992,0.680806801160802,0.7111622583550082,3.035545719420618,71.875,30.0,100.0,16,16
2,heat_update,1500,104.48919500000193,107.31319399998756,2.8239989999856334,2.7026708359515843,103.609876,100.78535,-2.824526000000006,81.4544803125,92.174123375,10.719643062499998,52.091492,24.313990999999987,-27.777501000000015,0.6752322747949137,0.7072129721166107,3.198069732169706,71.875,30.0,100.0,16,16
2,heat_update,1600,97.87074700000812,99.71214300001157,1.8413960000034422,1.881456979176106,97.342133,93.736152,-3.605981,78.1804910625,86.5279283125,8.347437249999999,46.037848000000004,33.407146000000004,-12.630702,0.6745225277830998,0.7076473261647096,3.3124798381609755,72.5,30.0,100.0,16,16
2,heat_update,1700,94.85034000000451,98.6861729999946,3.835832999990089,4.044089878844827,94.335585,91.728959,-2.6066259999999914,76.75297462500001,85.609374,8.856399374999995,43.250308,26.703163000000004,-16.547144999999993,0.6748493232488528,0.7106260420162018,3.5776718767349003,72.5,30.0,100.0,16,16
2,heat_update,1800,93.01621899998281,96.19816299999366,3.1819440000108443,3.4208485726682056,92.443155,88.756337,-3.6868180000000024,75.6285659375,83.995988625,8.367422687499996,41.610485000000004,24.448935000000006,-17.16155,0.6766124582549878,0.7141040922310306,3.7491633976042715,72.5,30.0,100.0,16,16
2,heat_update,1900,88.44873200001894,94.25430999998935,5.80557799997041,6.563777533825095,88.07227,87.046237,-1.0260329999999982,73.5659125,81.201424625,7.635512125000005,37.823145000000004,28.311170000000004,-9.511975,0.678380535743383,0.7206684039369896,4.228786819360664,73.75,40.0,100.0,16,16
2,heat_update,2000,85.32031799998367,90.62837699998636,5.308059000002686,6.221330539349023,84.74169,84.523068,-0.21862200000001053,72.1379776875,78.3637923125,6.225814624999998,34.935663000000005,25.826834999999996,-9.10882800000001,0.6827343153283094,0.7294976648272172,4.676334949890782,76.25,40.0,100.0,16,16
3,importance,100,0.2841450000014447,0.3667369999966468,0.08259199999520206,29.066849669986144,0.283614,0.365755,0.08214100000000002,0.2047576875,0.2322825625,0.027524875000000004,0.17251399999999997,0.230761,0.05824700000000002,0.7063184076135801,0.6983505299361269,-0.7967877677453217,77.5,50.0,100.0,0,0
3,importance,200,0.306561999997939,0.37703500000498025,0.07047300000704126,22.988172052477168,0.304752,0.375411,0.07065899999999997,0.220892125,0.2397126875,0.0188205625,0.17762500000000003,0.238402,0.06077699999999997,0.7122160211962343,0.696633994808437,-1.5582026387797265,67.5,30.0,100.0,0,0
3,importance,300,0.29620599999907427,0.37717500000144355,0.08096900000236928,27.335367954269103,0.29522,0.37572,0.08050000000000002,0.2127163125,0.2361546875,0.023438374999999984,0.17604999999999998,0.24063,0.06458000000000003,0.707559835518223,0.6993174326432368,-0.8242402874986232,62.5,20.0,100.0,0,0
3,importance,400,0.2925329999998212,0.30405700000119396,0.01152400000137277,3.939384616908114,0.292309,0.301897,0.009588000000000041,0.212497875,0.2202670625,0.007769187499999997,0.169012,0.17870000000000003,0.00968800000000003,0.7082589269959132,0.6978067749861742,-1.0452152009739035,60.625,20.0,100.0,0,0
3,importance,500,0.292474999994738,0.3812519999919459,0.0887769999972079,30.353705444501273,0.291463,0.380571,0.08910799999999997,0.209066625,0.2453154375,0.036248812500000005,0.17955600000000002,0.244067,0.06451099999999999,0.7005368776216109,0.6937332357961473,-0.6803641825463558,60.0,20.0,100.0,0,0
3,importance,600,0.2770850000088103,0.34024499999941327,0.06315999999060296,22.794449352579424,0.275992,0.339539,0.06354699999999996,0.203031875,0.2164990625,0.013467187500000005,0.16000200000000003,0.20712199999999997,0.04711999999999994,0.6937003682817355,0.6854417164662683,-0.8258651815467255,60.0,20.0,100.0,0,0
3,importance,700,0.270237000004272,0.32802600000286475,0.05778899999859277,21.384562438777525,0.269205,0.327405,0.058199999999999974,0.199343625,0.2075039375,0.008160312500000017,0.16159300000000004,0.205227,0.04363399999999995,0.6841498979294255,0.6742349528643945,-0.9914945065030989,60.0,20.0,100.0,0,0
3,importance,800,0.26928800001041964,0.2719770000257995,0.002689000015379861,0.9985591690962147,0.267902,0.269549,0.0016470000000000096,0.1943380625,0.2010225625,0.00668450000000001,0.16501699999999997,0.142362,-0.02265499999999998,0.6817851399872238,0.6786230139624458,-0.3162126024777945,60.0,20.0,100.0,0,0
3,importance,900,0.2661940000252798,0.2624669999931939,-0.0037270000320859253,-1.4001067010270631,0.26552,0.261189,-0.004330999999999974,0.1928966875,0.1962835,0.0033868125000000027,0.16542599999999996,0.13754100000000002,-0.027884999999999938,0.6772834625265605,0.668639312963139,-0.864414956342141,60.0,20.0,100.0,0,0
3,importance,1000,0.25920299999415874,0.25603400002000853,-0.0031689999741502106,-1.2225938643540488,0.2585,0.25518,-0.0033199999999999896,0.190074625,0.197535625,0.007460999999999995,0.159719,0.13223000000000001,-0.027488999999999986,0.6756872304519033,0.6691951179529976,-0.6492112498905689,60.0,20.0,100.0,0,0
3,importance,1100,0.23960199998691678,0.24667299998691306,0.007070999999996275,2.9511439805938093,0.238896,0.245919,0.0070230000000000015,0.1802658125,0.1892819375,0.009016124999999986,0.150969,0.125465,-0.025504,0.6653581113782852,0.6526678325969563,-1.269027878132889,60.0,20.0,100.0,0,0
3,importance,1200,0.23608600001898594,0.23211799998534843,-0.003968000033637509,-1.6807434720052878,0.23529,0.229503,-0.005786999999999987,0.180020375,0.180485125,0.000464749999999986,0.140314,0.11505500000000002,-0.025258999999999976,0.6551364559582267,0.6421032223040831,-1.303323365414355,60.0,20.0,100.0,0,0
3,importance,1300,0.21823999998741783,0.26156800001626834,0.04332800002885051,19.853372448381826,0.21749,0.260561,0.043071,0.1710146875,0.188954375,0.017939687499999996,0.127062,0.14872599999999997,0.02166399999999996,0.6401346181321734,0.6192473761398737,-2.0887241992299743,60.0,20.0,100.0,0,0
3,importance,1400,0.22217100000125356,0.21103299999958836,-0.011138000001665205,-5.013255556126749,0.221318,0.20896,-0.01235799999999998,0.172505125,0.1701333125,-0.0023718125000000145,0.12451699999999999,0.095141,-0.029375999999999985,0.6280528557739538,0.6124431004551963,-1.5609755318757412,60.0,20.0,100.0,0,0
3,importance,1500,0.20373800001107156,0.2060930000152439,0.002355000004172325,1.1558963001719607,0.203012,0.204562,0.0015499999999999958,0.1627983125,0.164894125,0.002095812500000016,0.112749,0.09740299999999999,-0.015346000000000012,0.6168585822238215,0.5896035385302114,-2.7255043693610093,60.0,20.0,100.0,0,0
3,importance,1600,0.19897800000035204,0.19352199998684227,-0.005456000013509765,-2.742011686467907,0.197962,0.190974,-0.006987999999999994,0.1586154375,0.1585255625,-8.987500000001702e-05,0.113964,0.08612500000000001,-0.02783899999999999,0.597887800921474,0.559575748457951,-3.8312052463522983,60.0,20.0,100.0,0,0
3,importance,1700,0.1990280000027269,0.1924799999978859,-0.006548000004841015,-3.289989350619661,0.197844,0.190325,-0.007518999999999998,0.1576206875,0.158278875,0.0006581875000000181,0.10593699999999999,0.08446999999999999,-0.021467,0.5894952552634264,0.5401919210690814,-4.930333419434496,60.0,20.0,100.0,0,0
3,importance,1800,0.19205900002270937,0.18385500001022592,-0.008204000012483448,-4.271604044337101,0.191872,0.183194,-0.008677999999999991,0.155798375,0.153204,-0.002594374999999982,0.10088599999999999,0.08250199999999999,-0.018383999999999998,0.5846556784056784,0.5277801485021764,-5.687552990350209,58.75,20.0,100.0,0,0
3,importance,1900,0.1807309999712743,0.2048979999963194,0.024167000025045127,13.371806734254928,0.179948,0.20252,0.02257200000000001,0.150683375,0.1532909375,0.0026075624999999936,0.093125,0.098762,0.005637000000000003,0.5825971081710177,0.5135151488957082,-6.908195927530958,59.375,20.0,100.0,0,0
3,importance,2000,0.1772810000111349,0.1938180000288412,0.016537000017706305,9.328128799289054,0.17681,0.192809,0.015999000000000013,0.150477,0.15601225,0.0055352499999999916,0.087626,0.084052,-0.003573999999999994,0.5854728833053172,0.5080729469160181,-7.73999363892991,60.625,20.0,100.0,0,0
4,mark_refine,100,0.030864000000292435,0.04176100000040606,0.010897000000113621,35.30650596167176,0.028531,0.035916,0.007384999999999996,0.022737375,0.0249306875,0.002193312499999999,0.008411000000000002,0.013905999999999998,0.005494999999999996,0.7383798140770252,0.7066420664206642,-3.173774765636106,81.25,80.0,100.0,0,0
4,mark_refine,200,0.033498999997391365,0.05432499999733409,0.020825999999942724,62.16901997541564,0.030934,0.045205,0.014271000000000002,0.024200375,0.025395125,0.0011947500000000014,0.009267000000000001,0.023392000000000003,0.014125000000000002,0.7479602695991486,0.7093360995850623,-3.8624170014086356,58.75,50.0,100.0,0,0
4,mark_refine,300,0.03153000000020256,0.06392200000118464,0.03239200000098208,102.73390422065962,0.02916,0.054721,0.025561,0.0225568125,0.0263056875,0.003748875000000002,0.009107999999999998,0.032901,0.023793,0.750130230942872,0.7324513046674017,-1.7678926275470297,42.5,30.0,100.0,0,0
4,mark_refine,400,0.033496999996714294,0.05283499999495689,0.019337999998242594,57.73054303412082,0.030614,0.044571,0.013957,0.0228555,0.024881375,0.002025875,0.010470999999999998,0.022737,0.012266000000000003,0.761549395877754,0.7505614095698739,-1.0987986307880115,31.875,20.0,100.0,0,0
4,mark_refine,500,0.03137399999832269,0.050948000003700145,0.019574000005377457,62.38923951814853,0.029063,0.042461,0.013398,0.0226569375,0.0242911875,0.0016342499999999968,0.008743999999999998,0.021951,0.013207,0.759133018703024,0.6922779922779922,-6.685502642503172,26.25,20.0,100.0,0,0
4,mark_refine,600,0.03265500000270549,0.05291100000613369,0.0202560000034282,62.030316955290075,0.030482,0.046135,0.015653000000000004,0.0227448125,0.025378249999999998,0.0026334374999999986,0.010435,0.024453000000000003,0.014018000000000003,0.7503005323716297,0.720365296803653,-2.9935235567976726,25.625,20.0,100.0,0,0
4,mark_refine,700,0.030973000000813045,0.04928300000028685,0.018309999999473803,59.11600425852569,0.029025,0.041941,0.012916,0.0227201875,0.0251080625,0.002387875000000001,0.008874999999999997,0.020364,0.011489000000000003,0.7473684210526316,0.7109144542772862,-3.6453966775345403,25.0,20.0,100.0,0,0
4,mark_refine,800,0.03870100001222454,0.050156000012066215,0.011454999999841675,29.598718369611554,0.036298,0.04331,0.007012000000000004,0.0260759375,0.0253050625,-0.0007708750000000007,0.014189999999999998,0.021405,0.007215000000000003,0.7349299446073639,0.7205264119904954,-1.4403532616868553,25.0,20.0,100.0,0,0
4,mark_refine,900,0.031802000012248755,0.06285200000274926,0.03104999999050051,97.6353687772511,0.029225,0.054078,0.024853,0.022614125,0.0241266875,0.0015125625000000018,0.008953000000000003,0.033854,0.024901,0.7387867331156556,0.7118359112306658,-2.695082188498976,25.0,20.0,100.0,0,0
4,mark_refine,1000,0.030268000002251938,0.05409000001964159,0.023822000017389655,78.7035813916258,0.027999,0.046446,0.018447,0.022505625,0.02383025,0.0013246249999999994,0.008024,0.026222000000000002,0.018198000000000002,0.7494008901061281,0.668296215824733,-8.110467428139511,25.0,20.0,100.0,0,0
4,mark_refine,1100,0.030380000011064112,0.04971799999475479,0.01933799998369068,63.653719475470574,0.0281,0.042719,0.014619,0.022537625,0.0251659375,0.0026283125000000004,0.007873999999999999,0.020861,0.012987000000000002,0.7300845171731702,0.7047265002655337,-2.5358016907636505,25.0,20.0,100.0,0,0
4,mark_refine,1200,0.03259499999694526,0.04634000000078231,0.013745000003837049,42.169044347676646,0.029979,0.039117,0.009138,0.022585875000000002,0.0247704375,0.0021845624999999973,0.009838999999999997,0.017342,0.007503000000000003,0.7220615750978058,0.6778829302488608,-4.417864484894496,25.0,20.0,100.0,0,0
4,mark_refine,1300,0.03152600000612438,0.0485999999800697,0.01707399997394532,54.15847227884429,0.02896,0.041346,0.012386000000000001,0.0226148125,0.023808375,0.0011935624999999984,0.008829,0.021134,0.012305,0.7125769569041337,0.5715823466092572,-14.099461029487648,25.0,20.0,100.0,0,0
4,mark_refine,1400,0.03282900000340305,0.05723400000715628,0.02440500000375323,74.33976058126476,0.029914,0.05012,0.020206,0.024106125,0.0251903125,0.0010841875,0.008230999999999999,0.028471999999999997,0.020241,0.6885100337417865,0.5986645580741522,-8.984547566763435,25.0,20.0,100.0,0,0
4,mark_refine,1500,0.030313999974168837,0.03871600001002662,0.008402000035857782,27.71656674479545,0.028458,0.033558,0.005099999999999997,0.022359875,0.0227494375,0.0003895624999999993,0.008247,0.013416999999999998,0.0051699999999999975,0.6322625943479024,0.5450636394908841,-8.719895485701834,25.0,20.0,100.0,0,0
4,mark_refine,1600,0.03179199999431148,0.04504399999859743,0.013252000004285946,41.68344239637996,0.029652,0.04021,0.010558000000000001,0.022369625,0.023360375,0.0009907499999999986,0.009585,0.019999000000000003,0.010414000000000003,0.595983354441831,0.4690377324426792,-12.694562199915183,25.0,20.0,100.0,0,0
4,mark_refine,1700,0.030318999983137473,0.037114999984623864,0.006796000001486391,22.414987319061062,0.028462,0.032193,0.003730999999999998,0.0223351875,0.024097625,0.0017624375000000018,0.008359000000000002,0.010439,0.0020799999999999985,0.5774422735346358,0.43169298567756154,-14.574928785707431,25.625,20.0,100.0,0,0
4,mark_refine,1800,0.030311000009533018,0.031842000025790185,0.0015310000162571669,5.050971646516634,0.028535,0.027887,-0.0006480000000000027,0.022445375,0.0222208125,-0.0002245625000000008,0.008602000000000002,0.0076989999999999975,-0.0009030000000000045,0.5814376706096451,0.4086101317498608,-17.28275388597843,26.25,20.0,100.0,0,0
4,mark_refine,1900,0.03197299997555092,0.031248999992385507,-0.0007239999831654131,-2.2644105455197847,0.029199,0.027538,-0.0016609999999999993,0.022455937500000002,0.023765375,0.0013094374999999964,0.009124,0.005868999999999999,-0.003255000000000001,0.5341749323715058,0.3761332099907493,-15.804172238075653,31.25,20.0,100.0,0,0
4,mark_refine,2000,0.028942000004462898,0.03160000004572794,0.0026580000412650406,9.183885152564347,0.026645,0.02784,0.0011950000000000016,0.0222598125,0.0236443125,0.0013845000000000003,0.006751999999999998,0.006089000000000001,-0.0006629999999999969,0.5674137317680541,0.33438427299703266,-23.302945877102143,35.0,20.0,100.0,0,0
5,mark_coarsen,100,0.027691999999660766,0.045473000001948094,0.017781000002287328,64.20988011882547,0.026933,0.043012,0.016079000000000003,0.0231878125,0.0259751875,0.0027873750000000017,0.006935999999999998,0.021248000000000003,0.014312000000000005,0.5536473388879443,0.5207715133531158,-3.2875825534828484,90.0,80.0,100.0,0,0
5,mark_coarsen,200,0.028882999999041203,0.03102000000217231,0.0021370000031311065,7.398815923560731,0.028349,0.030109,0.0017600000000000011,0.02481675,0.0253794375,0.0005626875000000024,0.006529999999999998,0.008441,0.001911000000000003,0.5661189982453342,0.5983782494633914,3.225925121805717,80.0,60.0,100.0,0,0
5,mark_coarsen,300,0.027515000001585577,0.03301600000122562,0.005500999999640044,19.9927312350465,0.026507,0.031116,0.004609000000000002,0.02298225,0.02516825,0.0021860000000000004,0.0064579999999999985,0.00936,0.002902000000000002,0.5416528377032858,0.5589068825910931,1.7254044887807352,61.25,40.0,100.0,0,0
5,mark_coarsen,400,0.027052999997977167,0.02990999999747146,0.002856999999494292,10.560751117095768,0.026738,0.028154,0.0014159999999999971,0.023151625,0.0247410625,0.0015894375000000023,0.006837000000000003,0.006506999999999999,-0.0003300000000000039,0.5383249959657899,0.5519075847393221,1.3582588773532245,61.25,40.0,100.0,0,0
5,mark_coarsen,500,0.028898999997181818,0.03613300000142772,0.0072340000042459,25.03200804509273,0.028457,0.033958,0.005501000000000002,0.0236515625,0.02797125,0.004319687499999999,0.008371,0.01182,0.0034490000000000007,0.5552028705492685,0.4943069306930693,-6.089593985619923,61.25,40.0,100.0,0,0
5,mark_coarsen,600,0.02847699999983888,0.030857000005198643,0.0023800000053597614,8.357621959382053,0.027805,0.029764,0.001958999999999999,0.024797312499999998,0.024811875,1.456250000000242e-05,0.006170999999999999,0.008303999999999999,0.0021329999999999995,0.533886367193614,0.5286516853932585,-0.5234681800355578,61.25,40.0,100.0,0,0
5,mark_coarsen,700,0.028754999992088415,0.030394999994314276,0.001640000002225861,5.70335594740771,0.027886,0.028817,0.0009309999999999978,0.0246435,0.024821375,0.00017787500000000095,0.006378000000000002,0.007220999999999998,0.0008429999999999965,0.5496012759170654,0.5085986718883024,-4.100260402876299,61.25,40.0,100.0,0,0
5,mark_coarsen,800,0.027153000002726912,0.03051199999754317,0.0033589999948162585,12.370640424553168,0.026148,0.02863,0.002481999999999998,0.0229439375,0.02478475,0.0018408125000000004,0.006200000000000001,0.007091,0.0008909999999999994,0.4673072905786505,0.5472478523703468,7.994056179169629,61.25,40.0,100.0,0,0
5,mark_coarsen,900,0.026588000007905066,0.0283800000033807,0.001791999995475635,6.739882634808344,0.026045,0.026636,0.0005910000000000012,0.0228045,0.022847125,4.2625000000000995e-05,0.006016999999999998,0.006731999999999998,0.0007150000000000004,0.5588918380889184,0.5655522779416585,0.6660439852740119,61.25,40.0,100.0,0,0
5,mark_coarsen,1000,0.02646299998741597,0.02717099999426864,0.0007080000068526715,2.6754336514731847,0.025799,0.02614,0.000341000000000001,0.022688625,0.022818124999999998,0.00012949999999999767,0.005967,0.006232000000000001,0.00026500000000000135,0.5323893229166666,0.5540262616674577,2.163693875079109,61.25,40.0,100.0,0,0
5,mark_coarsen,1100,0.02610899999854155,0.02969999998458661,0.0035909999860450625,13.75387792043225,0.025446,0.028377,0.0029309999999999996,0.0226751875,0.0246841875,0.0020090000000000004,0.005493000000000001,0.006734999999999998,0.0012419999999999966,0.5125,0.5251822398939695,1.268223989396955,61.25,40.0,100.0,0,0
5,mark_coarsen,1200,0.025833000021521002,0.0324630000104662,0.006629999988945201,25.664847224177866,0.025123,0.029641,0.004518000000000001,0.02244675,0.0245345,0.0020877499999999993,0.005201000000000001,0.008082000000000002,0.0028810000000000016,0.5091299677765844,0.49055011812352345,-1.857984965306092,61.25,40.0,100.0,0,0
5,mark_coarsen,1300,0.02649099999689497,0.03003500000340864,0.00354400000651367,13.378128447129459,0.025723,0.028569,0.0028460000000000013,0.0226255625,0.023186125000000002,0.0005605625000000003,0.005743999999999999,0.008593,0.002849000000000001,0.45263777211217887,0.4904555866632731,3.781781455109423,61.25,40.0,100.0,0,0
5,mark_coarsen,1400,0.03206199998385273,0.02929999999469146,-0.002761999989161268,-8.614559261905946,0.031707,0.026682,-0.005024999999999998,0.0272988125,0.0241314375,-0.003167375,0.008167999999999998,0.005049000000000001,-0.0031189999999999968,0.38447932787972583,0.4577599388379205,7.328061095819466,61.25,40.0,100.0,0,0
5,mark_coarsen,1500,0.02602600000682287,0.02630900000804104,0.00028300000121816993,1.087374168692768,0.025678,0.025971,0.0002930000000000016,0.0224703125,0.022376875,-9.343749999999804e-05,0.005696,0.005990000000000002,0.0002940000000000026,0.4110702535320302,0.394711630580571,-1.6358622951459179,61.25,40.0,100.0,0,0
5,mark_coarsen,1600,0.02535899999202229,0.026039999997010455,0.0006810000049881637,2.6854371434299464,0.024478,0.024431,-4.699999999999843e-05,0.0220196875,0.022027,7.312500000002109e-06,0.004549000000000001,0.004523000000000003,-2.5999999999998247e-05,0.3600930773705643,0.3935083149669405,3.3415237596376213,61.25,40.0,100.0,0,0
5,mark_coarsen,1700,0.025205999991158023,0.027447000000393018,0.0022410000092349946,8.89074033968544,0.024738,0.026004,0.0012659999999999998,0.02214525,0.02375,0.001604750000000002,0.004896000000000001,0.004458,-0.0004380000000000009,0.36156000861883214,0.3615706597568268,0.00106511379946439,61.25,40.0,100.0,0,0
5,mark_coarsen,1800,0.02441700000781566,0.028325000021141022,0.003908000013325363,16.00524229870356,0.024178,0.026485,0.002307,0.0219018125,0.0230936875,0.001191875000000002,0.004418000000000002,0.006508,0.002089999999999998,0.3472613119722884,0.31209677419354837,-3.516453777874001,61.25,40.0,100.0,0,0
5,mark_coarsen,1900,0.025110999995376915,0.03418199997395277,0.009070999978575855,36.1236110877539,0.024476,0.032004,0.0075279999999999965,0.0218484375,0.0240325625,0.0021841249999999986,0.0044500000000000026,0.010415999999999998,0.005965999999999996,0.3184637404580153,0.28203040173724214,-3.6433338720773145,61.25,40.0,100.0,0,0
5,mark_coarsen,2000,0.024152000027243048,0.027885999996215105,0.003733999968972057,15.460417210832098,0.023813,0.025504,0.001690999999999998,0.021735375,0.0234269375,0.0016915625000000004,0.003977000000000001,0.003970999999999999,-6.000000000002531e-06,0.29910834909483924,0.268452550584212,-3.065579851062722,61.25,40.0,100.0,0,0
