parallel_id,region_id,region_exec,thread_id,team_size,requested_threads,start_ms,end_ms,elapsed_ms,codeptr,pmu_valid,pmu_llc_references,pmu_llc_misses,pmu_llc_hits,cpu_id,target_mb_percent,resource_applied,resctrl_enabled,region_wall_ms,resctrl_enable_ms,resctrl_disable_ms,resource_kind,target_l3_ways,target_l3_mask,mon_valid,mon_l3_domains,mon_start_llc_occupancy_bytes,mon_end_llc_occupancy_bytes,mon_llc_occupancy_delta_bytes,mon_start_mbm_total_bytes,mon_end_mbm_total_bytes,mon_mbm_total_delta_bytes,mon_start_mbm_local_bytes,mon_end_mbm_local_bytes,mon_mbm_local_delta_bytes,mon_start_mbm_remote_bytes,mon_end_mbm_remote_bytes,mon_mbm_remote_delta_bytes
398,2,100,0,4,4,10531.729171,10636.629561,37.572767,0x404f28,1,6197712,4815242,1382470,32,100.000000,1,1,105.486462,1.200000,0.800000,cat,1,1,1,1,3424256,2342912,360448,33551400960,33900945408,349003776,33551400960,33900945408,349003776,-1,-1,-1
398,2,100,1,4,4,10531.736650,10637.215633,102.442167,0x404f28,1,19300721,2402103,16898618,8,100.000000,1,1,105.486462,1.200000,0.800000,cat,14,7ffe,1,1,33431552,32350208,901120,26306756608,26604847104,297910272,26306756608,26604847104,298000384,-1,-1,-1
398,2,100,2,4,4,10531.732882,10637.153259,101.159676,0x404f28,1,19306687,2379229,16927458,48,100.000000,1,1,105.486462,1.200000,0.800000,cat,14,7ffe,1,1,31088640,31358976,1441792,25712467968,25971630080,258441216,25712467968,25971630080,258441216,-1,-1,-1
398,2,100,3,4,4,10531.739620,10636.616938,38.332346,0x404f28,1,7543001,5444883,2098118,56,100.000000,1,1,105.486462,1.200000,0.800000,cat,1,1,1,1,1802240,1802240,540672,38798712832,39200161792,401268736,38798712832,39200161792,401268736,-1,-1,-1
399,3,100,0,4,4,10637.363497,10637.506744,0.143247,0x404f80,1,7390,4756,2634,32,100.000000,1,1,0.292683,1.200000,0.800000,cat,1,1,1,1,2703360,2523136,-180224,33901035520,33901395968,360448,33901035520,33901395968,360448,-1,-1,-1
399,3,100,1,4,4,10637.382192,10637.642207,0.260015,0x404f80,1,19663,3137,16526,8,100.000000,1,1,0.292683,1.200000,0.800000,cat,14,7ffe,1,1,32440320,32710656,270336,26604847104,26605117440,270336,26604847104,26605117440,270336,-1,-1,-1
399,3,100,2,4,4,10637.349524,10637.571620,0.222096,0x404f80,1,19796,3066,16730,48,100.000000,1,1,0.292683,1.200000,0.800000,cat,14,7ffe,1,1,31449088,31629312,180224,25971810304,25971990528,180224,25971810304,25971990528,180224,-1,-1,-1
399,3,100,3,4,4,10637.386835,10637.539944,0.153109,0x404f80,1,7849,5583,2266,56,100.000000,1,1,0.292683,1.200000,0.800000,cat,1,1,1,1,1712128,1622016,-90112,39200251904,39200251904,0,39200251904,39200251904,0,-1,-1,-1
400,4,100,0,4,4,10637.748714,10637.770956,0.022242,0x405030,1,601,429,172,32,100.000000,1,1,0.058387,1.200000,0.800000,cat,1,1,1,1,2793472,2793472,0,33902026752,33902026752,0,33902026752,33902026752,0,-1,-1,-1
400,4,100,1,4,4,10637.777771,10637.807101,0.029330,0x405030,1,603,191,412,8,100.000000,1,1,0.058387,1.200000,0.800000,cat,14,7ffe,1,1,32980992,32980992,0,26605117440,26605117440,0,26605117440,26605117440,0,-1,-1,-1
400,4,100,2,4,4,10637.769198,10637.797423,0.028225,0x405030,1,392,140,252,48,100.000000,1,1,0.058387,1.200000,0.800000,cat,14,7ffe,1,1,31629312,31719424,90112,25971990528,25971990528,0,25971990528,25971990528,0,-1,-1,-1
400,4,100,3,4,4,10637.755222,10637.775727,0.020505,0x405030,1,189,129,60,56,100.000000,1,1,0.058387,1.200000,0.800000,cat,1,1,1,1,1531904,1531904,0,39200251904,39200251904,0,39200251904,39200251904,0,-1,-1,-1
401,5,100,0,4,4,10637.879192,10637.900082,0.020890,0x405097,1,37,11,26,32,100.000000,1,1,0.057634,1.200000,0.800000,cat,1,1,1,1,2793472,2793472,0,33902206976,33902206976,0,33902206976,33902206976,0,-1,-1,-1
401,5,100,1,4,4,10637.893057,10637.936826,0.043769,0x405097,1,1967,586,1381,8,100.000000,1,1,0.057634,1.200000,0.800000,cat,14,7ffe,1,1,32980992,33431552,450560,26605117440,26605387776,270336,26605117440,26605387776,270336,-1,-1,-1
401,5,100,2,4,4,10637.894379,10637.927164,0.032785,0x405097,1,1370,203,1167,48,100.000000,1,1,0.057634,1.200000,0.800000,cat,14,7ffe,1,1,31719424,31719424,0,25971990528,25971990528,0,25971990528,25971990528,0,-1,-1,-1
401,5,100,3,4,4,10637.892601,10637.913586,0.020985,0x405097,1,283,73,210,56,100.000000,1,1,0.057634,1.200000,0.800000,cat,1,1,1,1,1531904,1531904,0,39200251904,39200251904,0,39200251904,39200251904,0,-1,-1,-1
798,2,200,0,4,4,20946.940151,21052.342733,37.779934,0x404f28,1,6204385,4827271,1377114,32,100.000000,1,1,105.993780,1.200000,0.800000,cat,1,1,1,1,3424256,2162688,90112,67939942400,68283719680,342425600,67939942400,68283719680,342335488,-1,-1,-1
798,2,200,1,4,4,20946.942837,21052.928317,102.982687,0x404f28,1,19310538,2460556,16849982,40,100.000000,1,1,105.993780,1.200000,0.800000,cat,14,7ffe,1,1,32800768,32800768,540672,53667012608,53936177152,268984320,53667012608,53936177152,269074432,-1,-1,-1
798,2,200,2,4,4,20946.946488,21052.867498,102.048820,0x404f28,1,19309499,2437864,16871635,48,100.000000,1,1,105.993780,1.200000,0.800000,cat,14,7ffe,1,1,32800768,30818304,360448,52567826432,52841226240,273129472,52567826432,52841226240,273039360,-1,-1,-1
798,2,200,3,4,4,20946.934537,21052.320436,38.407493,0x404f28,1,7545347,5430088,2115259,56,100.000000,1,1,105.993780,1.200000,0.800000,cat,1,1,1,1,1712128,1531904,270336,78532067328,78935318528,402800640,78532067328,78935318528,402800640,-1,-1,-1
799,3,200,0,4,4,21053.045440,21053.189736,0.144296,0x404f80,1,7509,4957,2552,32,100.000000,1,1,0.353689,1.200000,0.800000,cat,1,1,1,1,2433024,2072576,-360448,68283990016,68284440576,450560,68283990016,68284440576,450560,-1,-1,-1
799,3,200,1,4,4,21053.056357,21053.274947,0.218590,0x404f80,1,19692,3213,16479,40,100.000000,1,1,0.353689,1.200000,0.800000,cat,14,7ffe,1,1,32800768,32710656,-90112,53936267264,53936537600,270336,53936267264,53936537600,270336,-1,-1,-1
799,3,200,2,4,4,21053.115363,21053.399129,0.283766,0x404f80,1,15988,2190,13798,48,100.000000,1,1,0.353689,1.200000,0.800000,cat,14,7ffe,1,1,32620544,32260096,-360448,52841316352,52841316352,0,52841316352,52841316352,0,-1,-1,-1
799,3,200,3,4,4,21053.059785,21053.208220,0.148435,0x404f80,1,7865,5184,2681,56,100.000000,1,1,0.353689,1.200000,0.800000,cat,1,1,1,1,1441792,1712128,270336,78935408640,78935408640,0,78935408640,78935408640,0,-1,-1,-1
800,4,200,0,4,4,21053.502083,21053.524667,0.022584,0x405030,1,569,430,139,32,100.000000,1,1,0.350866,1.200000,0.800000,cat,1,1,1,1,2162688,2162688,0,68285431808,68285431808,0,68285431808,68285431808,0,-1,-1,-1
800,4,200,1,4,4,21053.517722,21053.544900,0.027178,0x405030,1,276,50,226,40,100.000000,1,1,0.350866,1.200000,0.800000,cat,14,7ffe,1,1,32800768,32890880,90112,53936537600,53936537600,0,53936537600,53936537600,0,-1,-1,-1
800,4,200,2,4,4,21053.819159,21053.852949,0.033790,0x405030,1,4022,329,3693,48,100.000000,1,1,0.350866,1.200000,0.800000,cat,14,7ffe,1,1,32440320,32260096,-180224,52841586688,52841586688,0,52841586688,52841586688,0,-1,-1,-1
800,4,200,3,4,4,21053.507333,21053.527638,0.020305,0x405030,1,311,254,57,56,100.000000,1,1,0.350866,1.200000,0.800000,cat,1,1,1,1,1712128,1712128,0,78935498752,78935588864,90112,78935498752,78935588864,90112,-1,-1,-1
801,5,200,0,4,4,21053.925860,21053.947976,0.022116,0x405097,1,203,153,50,32,100.000000,1,1,0.048998,1.200000,0.800000,cat,1,1,1,1,2162688,2162688,0,68285431808,68285431808,0,68285431808,68285431808,0,-1,-1,-1
801,5,200,1,4,4,21053.939165,21053.974858,0.035693,0x405097,1,1356,326,1030,40,100.000000,1,1,0.048998,1.200000,0.800000,cat,14,7ffe,1,1,32800768,32890880,90112,53936807936,53936807936,0,53936807936,53936807936,0,-1,-1,-1
801,5,200,2,4,4,21053.932279,21053.971096,0.038817,0x405097,1,2288,321,1967,48,100.000000,1,1,0.048998,1.200000,0.800000,cat,14,7ffe,1,1,32260096,32260096,0,52841586688,52841586688,0,52841586688,52841586688,0,-1,-1,-1
801,5,200,3,4,4,21053.933827,21053.955540,0.021713,0x405097,1,214,52,162,56,100.000000,1,1,0.048998,1.200000,0.800000,cat,1,1,1,1,1892352,1892352,0,78935588864,78935588864,0,78935588864,78935588864,0,-1,-1,-1
1198,2,300,0,4,4,31421.255169,31527.141701,37.104316,0x404f28,1,6195537,4814235,1381302,0,100.000000,1,1,106.490738,1.200000,0.800000,cat,1,1,1,1,3514368,2072576,450560,102282616832,102624681984,341614592,102282616832,102624681984,341704704,-1,-1,-1
1198,2,300,1,4,4,31421.249626,31527.740364,103.534506,0x404f28,1,19308067,2398448,16909619,40,100.000000,1,1,106.490738,1.200000,0.800000,cat,14,7ffe,1,1,33341440,33071104,450560,80978427904,81247412224,268804096,80978427904,81247412224,268984320,-1,-1,-1
1198,2,300,2,4,4,31421.256603,31527.662699,101.638631,0x404f28,1,19311941,2380531,16931410,48,100.000000,1,1,106.490738,1.200000,0.800000,cat,14,7ffe,1,1,31178752,31358976,1171456,79855722496,80133087232,277184512,79855722496,80133087232,277184512,-1,-1,-1
1198,2,300,3,4,4,31421.255282,31527.127020,38.206308,0x404f28,1,7544801,5429370,2115431,56,100.000000,1,1,106.490738,1.200000,0.800000,cat,1,1,1,1,1622016,1982464,540672,118024101888,118426542080,402350080,118024101888,118426542080,402350080,-1,-1,-1
1199,3,300,0,4,4,31527.866251,31528.008787,0.142536,0x404f80,1,7517,4961,2556,0,100.000000,1,1,0.249171,1.200000,0.800000,cat,1,1,1,1,2252800,2162688,-90112,102625132544,102625583104,450560,102625132544,102625583104,450560,-1,-1,-1
1199,3,300,1,4,4,31527.892562,31528.115422,0.222860,0x404f80,1,19661,3005,16656,40,100.000000,1,1,0.249171,1.200000,0.800000,cat,14,7ffe,1,1,33161216,33161216,0,81247412224,81247952896,540672,81247412224,81247952896,540672,-1,-1,-1
1199,3,300,2,4,4,31527.879346,31528.099135,0.219789,0x404f80,1,19790,3030,16760,48,100.000000,1,1,0.249171,1.200000,0.800000,cat,14,7ffe,1,1,31449088,31539200,90112,80133177344,80133267456,90112,80133177344,80133267456,90112,-1,-1,-1
1199,3,300,3,4,4,31527.896311,31528.044054,0.147743,0x404f80,1,7895,5216,2679,56,100.000000,1,1,0.249171,1.200000,0.800000,cat,1,1,1,1,1982464,1802240,-180224,118426542080,118426632192,90112,118426542080,118426632192,90112,-1,-1,-1
1200,4,300,0,4,4,31528.220448,31528.242874,0.022426,0x405030,1,434,300,134,0,100.000000,1,1,0.053470,1.200000,0.800000,cat,1,1,1,1,2523136,2433024,-90112,102626304000,102626304000,0,102626304000,102626304000,0,-1,-1,-1
1200,4,300,1,4,4,31528.246830,31528.273918,0.027088,0x405030,1,336,65,271,40,100.000000,1,1,0.053470,1.200000,0.800000,cat,14,7ffe,1,1,33251328,33341440,90112,81248043008,81248043008,0,81248043008,81248043008,0,-1,-1,-1
1200,4,300,2,4,4,31528.240167,31528.268034,0.027867,0x405030,1,437,131,306,48,100.000000,1,1,0.053470,1.200000,0.800000,cat,14,7ffe,1,1,31539200,31719424,180224,80133267456,80133267456,0,80133267456,80133267456,0,-1,-1,-1
1200,4,300,3,4,4,31528.226653,31528.247300,0.020647,0x405030,1,161,111,50,56,100.000000,1,1,0.053470,1.200000,0.800000,cat,1,1,1,1,1892352,1892352,0,118426632192,118426632192,0,118426632192,118426632192,0,-1,-1,-1
1201,5,300,0,4,4,31528.340095,31528.361874,0.021779,0x405097,1,149,117,32,0,100.000000,1,1,0.060531,1.200000,0.800000,cat,1,1,1,1,2433024,2433024,0,102626304000,102626304000,0,102626304000,102626304000,0,-1,-1,-1
1201,5,300,1,4,4,31528.367598,31528.400626,0.033028,0x405097,1,1944,643,1301,40,100.000000,1,1,0.060531,1.200000,0.800000,cat,14,7ffe,1,1,33341440,33341440,0,81248043008,81248313344,270336,81248043008,81248313344,270336,-1,-1,-1
1201,5,300,2,4,4,31528.360586,31528.393303,0.032717,0x405097,1,1332,217,1115,48,100.000000,1,1,0.060531,1.200000,0.800000,cat,14,7ffe,1,1,31719424,31719424,0,80133267456,80133267456,0,80133267456,80133267456,0,-1,-1,-1
1201,5,300,3,4,4,31528.347927,31528.368853,0.020926,0x405097,1,209,52,157,56,100.000000,1,1,0.060531,1.200000,0.800000,cat,1,1,1,1,1892352,1892352,0,118426632192,118426632192,0,118426632192,118426632192,0,-1,-1,-1
1598,2,400,0,4,4,41829.625733,41932.623110,37.248790,0x404f28,1,6199052,4816564,1382488,32,100.000000,1,1,103.580347,1.200000,0.800000,cat,1,1,1,1,3063808,2072576,0,136648179712,136996102144,347652096,136648179712,136996102144,347652096,-1,-1,-1
1598,2,400,1,4,4,41829.619241,41933.198119,101.199717,0x404f28,1,19298784,2384302,16914482,40,100.000000,1,1,103.580347,1.200000,0.800000,cat,14,7ffe,1,1,33611776,32890880,360448,108091777024,108371484672,279527424,108091777024,108371484672,279707648,-1,-1,-1
1598,2,400,2,4,4,41829.618611,41933.130359,98.969788,0x404f28,1,19305606,2374556,16931050,48,100.000000,1,1,103.580347,1.200000,0.800000,cat,14,7ffe,1,1,31358976,31539200,1802240,107137941504,107403231232,264929280,107137941504,107403231232,264929280,-1,-1,-1
1598,2,400,3,4,4,41829.617772,41932.601182,37.994874,0x404f28,1,7541060,5423608,2117452,56,100.000000,1,1,103.580347,1.200000,0.800000,cat,1,1,1,1,1802240,1982464,1261568,157615529984,158015807488,399466496,157615529984,158015807488,399466496,-1,-1,-1
1599,3,400,0,4,4,41933.347280,41933.491282,0.144002,0x404f80,1,7488,4875,2613,32,100.000000,1,1,0.246566,1.200000,0.800000,cat,1,1,1,1,2252800,2162688,-90112,136996372480,136996732928,360448,136996372480,136996732928,360448,-1,-1,-1
1599,3,400,1,4,4,41933.315321,41933.534979,0.219658,0x404f80,1,19698,2900,16798,40,100.000000,1,1,0.246566,1.200000,0.800000,cat,14,7ffe,1,1,32890880,32890880,0,108371574784,108372025344,450560,108371574784,108372025344,450560,-1,-1,-1
1599,3,400,2,4,4,41933.338993,41933.561887,0.222894,0x404f80,1,19676,2985,16691,48,100.000000,1,1,0.246566,1.200000,0.800000,cat,14,7ffe,1,1,31539200,31539200,0,107403231232,107403411456,180224,107403231232,107403411456,180224,-1,-1,-1
1599,3,400,3,4,4,41933.329223,41933.473017,0.143794,0x404f80,1,7902,4842,3060,56,100.000000,1,1,0.246566,1.200000,0.800000,cat,1,1,1,1,2072576,1982464,-90112,158015897600,158015897600,0,158015897600,158015897600,0,-1,-1,-1
1600,4,400,0,4,4,41933.665835,41933.688437,0.022602,0x405030,1,541,406,135,32,100.000000,1,1,0.062680,1.200000,0.800000,cat,1,1,1,1,2523136,2523136,0,136997543936,136997634048,90112,136997543936,136997634048,90112,-1,-1,-1
1600,4,400,1,4,4,41933.686520,41933.716694,0.030174,0x405030,1,457,156,301,40,100.000000,1,1,0.062680,1.200000,0.800000,cat,14,7ffe,1,1,33071104,32980992,-90112,108372025344,108372115456,90112,108372025344,108372115456,90112,-1,-1,-1
1600,4,400,2,4,4,41933.693755,41933.728515,0.034760,0x405030,1,390,73,317,48,100.000000,1,1,0.062680,1.200000,0.800000,cat,14,7ffe,1,1,31629312,31719424,90112,107403411456,107403411456,0,107403411456,107403411456,0,-1,-1,-1
1600,4,400,3,4,4,41933.672849,41933.693358,0.020509,0x405030,1,315,256,59,56,100.000000,1,1,0.062680,1.200000,0.800000,cat,1,1,1,1,1892352,1982464,90112,158015987712,158016077824,90112,158015987712,158016077824,90112,-1,-1,-1
1601,5,400,0,4,4,41933.797158,41933.817963,0.020805,0x405097,1,39,9,30,32,100.000000,1,1,0.050912,1.200000,0.800000,cat,1,1,1,1,2433024,2433024,0,136997724160,136997814272,90112,136997724160,136997814272,90112,-1,-1,-1
1601,5,400,1,4,4,41933.806312,41933.840852,0.034540,0x405097,1,1224,217,1007,40,100.000000,1,1,0.050912,1.200000,0.800000,cat,14,7ffe,1,1,32980992,32980992,0,108372115456,108372115456,0,108372115456,108372115456,0,-1,-1,-1
1601,5,400,2,4,4,41933.816720,41933.848070,0.031350,0x405097,1,1488,277,1211,48,100.000000,1,1,0.050912,1.200000,0.800000,cat,14,7ffe,1,1,31899648,31899648,0,107403411456,107403411456,0,107403411456,107403411456,0,-1,-1,-1
1601,5,400,3,4,4,41933.819251,41933.839920,0.020669,0x405097,1,202,41,161,56,100.000000,1,1,0.050912,1.200000,0.800000,cat,1,1,1,1,2072576,1892352,-180224,158016077824,158016167936,90112,158016077824,158016167936,90112,-1,-1,-1
1998,2,500,0,4,4,52189.621997,52291.647270,37.172799,0x404f28,1,6201327,4820902,1380425,32,100.000000,1,1,102.618834,1.200000,0.800000,cat,1,1,1,1,3244032,2613248,180224,171034107904,171382480896,348012544,171034107904,171382480896,348102656,-1,-1,-1
1998,2,500,1,4,4,52189.617846,52292.234227,99.985926,0x404f28,1,19304104,2390762,16913342,40,100.000000,1,1,102.618834,1.200000,0.800000,cat,14,7ffe,1,1,33431552,32980992,540672,135045177344,135334617088,289349632,135045177344,135334617088,289439744,-1,-1,-1
1998,2,500,2,4,4,52189.621217,52292.175819,98.927623,0x404f28,1,19306685,2371492,16935193,48,100.000000,1,1,102.618834,1.200000,0.800000,cat,14,7ffe,1,1,31268864,31358976,1081344,134507208704,134762946560,255287296,134507208704,134763036672,255377408,-1,-1,-1
1998,2,500,3,4,4,52189.615393,52291.638624,37.716855,0x404f28,1,7534571,5416695,2117876,56,100.000000,1,1,102.618834,1.200000,0.800000,cat,1,1,1,1,1982464,1531904,90112,197233631232,197633458176,399466496,197233631232,197633458176,399466496,-1,-1,-1
1999,3,500,0,4,4,52292.359680,52292.502875,0.143195,0x404f80,1,7403,4814,2589,32,100.000000,1,1,0.249085,1.200000,0.800000,cat,1,1,1,1,2703360,2793472,90112,171382931456,171383291904,360448,171382931456,171383291904,360448,-1,-1,-1
1999,3,500,1,4,4,52292.385314,52292.608765,0.223451,0x404f80,1,19636,2965,16671,40,100.000000,1,1,0.249085,1.200000,0.800000,cat,14,7ffe,1,1,32980992,32800768,-180224,135334617088,135334797312,180224,135334617088,135334797312,180224,-1,-1,-1
1999,3,500,2,4,4,52292.368541,52292.592337,0.223796,0x404f80,1,19772,2991,16781,48,100.000000,1,1,0.249085,1.200000,0.800000,cat,14,7ffe,1,1,31268864,31539200,270336,134763216896,134763307008,90112,134763216896,134763307008,90112,-1,-1,-1
1999,3,500,3,4,4,52292.378039,52292.527961,0.149922,0x404f80,1,7945,5288,2657,56,100.000000,1,1,0.249085,1.200000,0.800000,cat,1,1,1,1,1531904,1441792,-90112,197633458176,197633548288,90112,197633458176,197633548288,90112,-1,-1,-1
2000,4,500,0,4,4,52292.718072,52292.747609,0.029537,0x405030,1,730,520,210,32,100.000000,1,1,0.053141,1.200000,0.800000,cat,1,1,1,1,2703360,2883584,180224,171384012800,171384012800,0,171384012800,171384012800,0,-1,-1,-1
2000,4,500,1,4,4,52292.743177,52292.771213,0.028036,0x405030,1,329,72,257,40,100.000000,1,1,0.053141,1.200000,0.800000,cat,14,7ffe,1,1,32890880,32890880,0,135334797312,135334797312,0,135334797312,135334797312,0,-1,-1,-1
2000,4,500,2,4,4,52292.736174,52292.763927,0.027753,0x405030,1,418,133,285,48,100.000000,1,1,0.053141,1.200000,0.800000,cat,14,7ffe,1,1,31539200,31629312,90112,134763307008,134763307008,0,134763307008,134763307008,0,-1,-1,-1
2000,4,500,3,4,4,52292.723263,52292.743810,0.020547,0x405030,1,302,232,70,56,100.000000,1,1,0.053141,1.200000,0.800000,cat,1,1,1,1,1441792,1531904,90112,197633548288,197633548288,0,197633548288,197633548288,0,-1,-1,-1
2001,5,500,0,4,4,52292.839938,52292.860642,0.020704,0x405097,1,36,14,22,32,100.000000,1,1,0.055543,1.200000,0.800000,cat,1,1,1,1,2793472,2793472,0,171384102912,171384102912,0,171384102912,171384102912,0,-1,-1,-1
2001,5,500,1,4,4,52292.856813,52292.889327,0.032514,0x405097,1,1723,447,1276,40,100.000000,1,1,0.055543,1.200000,0.800000,cat,14,7ffe,1,1,32980992,32890880,-90112,135334797312,135334887424,90112,135334797312,135334887424,90112,-1,-1,-1
2001,5,500,2,4,4,52292.863975,52292.895481,0.031506,0x405097,1,1310,199,1111,48,100.000000,1,1,0.055543,1.200000,0.800000,cat,14,7ffe,1,1,31629312,31719424,90112,134763307008,134763307008,0,134763307008,134763307008,0,-1,-1,-1
2001,5,500,3,4,4,52292.848248,52292.869063,0.020815,0x405097,1,206,49,157,56,100.000000,1,1,0.055543,1.200000,0.800000,cat,1,1,1,1,1622016,1531904,-90112,197633638400,197633638400,0,197633638400,197633638400,0,-1,-1,-1
2398,2,600,0,4,4,62661.260154,62764.865887,37.103827,0x404f28,1,6202441,4817844,1384597,32,100.000000,1,1,104.204322,1.200000,0.800000,cat,1,1,1,1,3244032,2703360,360448,205302800384,205645676544,342155264,205302800384,205645676544,342245376,-1,-1,-1
2398,2,600,1,4,4,62661.255530,62765.446787,101.234045,0x404f28,1,19298688,2394945,16903743,40,100.000000,1,1,104.204322,1.200000,0.800000,cat,14,7ffe,1,1,33071104,32620544,360448,162554478592,162840944640,286466048,162554478592,162840944640,286466048,-1,-1,-1
2398,2,600,2,4,4,62661.242465,62765.386482,100.319135,0x404f28,1,19302180,2377245,16924935,48,100.000000,1,1,104.204322,1.200000,0.800000,cat,14,7ffe,1,1,31539200,30998528,901120,161254793216,161517289472,261865472,161254793216,161517289472,261865472,-1,-1,-1
2398,2,600,3,4,4,62661.250717,62764.856097,37.755921,0x404f28,1,7534461,5422059,2112402,56,100.000000,1,1,104.204322,1.200000,0.800000,cat,1,1,1,1,1712128,1531904,270336,236814516224,237223534592,408657920,236814516224,237223534592,408657920,-1,-1,-1
2399,3,600,0,4,4,62765.564074,62765.713871,0.149797,0x404f80,1,7530,4918,2612,32,100.000000,1,1,0.254583,1.200000,0.800000,cat,1,1,1,1,2883584,2433024,-450560,205645856768,205646397440,540672,205645856768,205646397440,540672,-1,-1,-1
2399,3,600,1,4,4,62765.590954,62765.818657,0.227703,0x404f80,1,19669,2998,16671,40,100.000000,1,1,0.254583,1.200000,0.800000,cat,14,7ffe,1,1,32890880,32890880,0,162840944640,162841305088,360448,162840944640,162841305088,360448,-1,-1,-1
2399,3,600,2,4,4,62765.574140,62765.796091,0.221951,0x404f80,1,19791,3033,16758,48,100.000000,1,1,0.254583,1.200000,0.800000,cat,14,7ffe,1,1,30998528,31268864,270336,161517469696,161517649920,180224,161517469696,161517649920,180224,-1,-1,-1
2399,3,600,3,4,4,62765.583696,62765.736525,0.152829,0x404f80,1,7868,5126,2742,56,100.000000,1,1,0.254583,1.200000,0.800000,cat,1,1,1,1,1712128,1802240,90112,237223534592,237223534592,0,237223534592,237223534592,0,-1,-1,-1
2400,4,600,0,4,4,62765.928644,62765.952052,0.023408,0x405030,1,599,450,149,32,100.000000,1,1,0.051517,1.200000,0.800000,cat,1,1,1,1,2703360,2703360,0,205647388672,205647388672,0,205647388672,205647388672,0,-1,-1,-1
2400,4,600,1,4,4,62765.952436,62765.980161,0.027725,0x405030,1,393,107,286,40,100.000000,1,1,0.051517,1.200000,0.800000,cat,14,7ffe,1,1,32890880,33071104,180224,162841305088,162841305088,0,162841305088,162841305088,0,-1,-1,-1
2400,4,600,2,4,4,62765.946542,62765.974436,0.027894,0x405030,1,369,113,256,48,100.000000,1,1,0.051517,1.200000,0.800000,cat,14,7ffe,1,1,31178752,31178752,0,161517740032,161517740032,0,161517740032,161517740032,0,-1,-1,-1
2400,4,600,3,4,4,62765.937822,62765.958521,0.020699,0x405030,1,359,293,66,56,100.000000,1,1,0.051517,1.200000,0.800000,cat,1,1,1,1,1802240,1802240,0,237223534592,237223624704,90112,237223534592,237223624704,90112,-1,-1,-1
2401,5,600,0,4,4,62766.077235,62766.100264,0.023029,0x405097,1,168,116,52,32,100.000000,1,1,0.053715,1.200000,0.800000,cat,1,1,1,1,2883584,3063808,180224,205647388672,205647478784,90112,205647388672,205647478784,90112,-1,-1,-1
2401,5,600,1,4,4,62766.067030,62766.101421,0.034391,0x405097,1,1284,233,1051,40,100.000000,1,1,0.053715,1.200000,0.800000,cat,14,7ffe,1,1,32980992,32980992,0,162841305088,162841305088,0,162841305088,162841305088,0,-1,-1,-1
2401,5,600,2,4,4,62766.058032,62766.090361,0.032329,0x405097,1,1454,234,1220,48,100.000000,1,1,0.053715,1.200000,0.800000,cat,14,7ffe,1,1,31268864,31268864,0,161517830144,161517830144,0,161517830144,161517830144,0,-1,-1,-1
2401,5,600,3,4,4,62766.047706,62766.068720,0.021014,0x405097,1,233,82,151,56,100.000000,1,1,0.053715,1.200000,0.800000,cat,1,1,1,1,1802240,1712128,-90112,237223624704,237223714816,90112,237223624704,237223714816,90112,-1,-1,-1
2798,2,700,0,4,4,72998.050924,73102.720156,37.325679,0x404f28,1,6198568,4810427,1388141,0,100.000000,1,1,105.260786,1.200000,0.800000,cat,1,1,1,1,3514368,2252800,720896,239760097280,240104054784,343416832,239760097280,240104054784,343416832,-1,-1,-1
2798,2,700,1,4,4,72998.049683,73103.308117,103.079533,0x404f28,1,19306557,2392045,16914512,40,100.000000,1,1,105.260786,1.200000,0.800000,cat,14,7ffe,1,1,33341440,33071104,630784,189936541696,190207959040,271417344,189936541696,190207959040,271417344,-1,-1,-1
2798,2,700,2,4,4,72998.050540,73103.242686,100.700306,0x404f28,1,19313558,2375497,16938061,48,100.000000,1,1,105.260786,1.200000,0.800000,cat,14,7ffe,1,1,31989760,31178752,1081344,188291457024,188562333696,270336000,188291457024,188562333696,270426112,-1,-1,-1
2798,2,700,3,4,4,72998.047331,73102.702698,38.436310,0x404f28,1,7546923,5440884,2106039,56,100.000000,1,1,105.260786,1.200000,0.800000,cat,1,1,1,1,1531904,2072576,630784,276281229312,276685832192,404332544,276281229312,276685832192,404332544,-1,-1,-1
2799,3,700,0,4,4,73103.424523,73103.568081,0.143558,0x404f80,1,7454,4992,2462,0,100.000000,1,1,0.253334,1.200000,0.800000,cat,1,1,1,1,2523136,2342912,-180224,240104505344,240105046016,540672,240104505344,240105046016,540672,-1,-1,-1
2799,3,700,1,4,4,73103.448627,73103.673421,0.224794,0x404f80,1,19676,2973,16703,40,100.000000,1,1,0.253334,1.200000,0.800000,cat,14,7ffe,1,1,33071104,33071104,0,190208049152,190208319488,270336,190208049152,190208319488,270336,-1,-1,-1
2799,3,700,2,4,4,73103.455696,73103.677857,0.222161,0x404f80,1,19761,3032,16729,48,100.000000,1,1,0.253334,1.200000,0.800000,cat,14,7ffe,1,1,31268864,31268864,0,188562333696,188562423808,90112,188562333696,188562423808,90112,-1,-1,-1
2799,3,700,3,4,4,73103.435897,73103.587009,0.151112,0x404f80,1,7859,5392,2467,56,100.000000,1,1,0.253334,1.200000,0.800000,cat,1,1,1,1,1982464,2252800,270336,276685832192,276685832192,0,276685832192,276685832192,0,-1,-1,-1
2800,4,700,0,4,4,73103.799480,73103.823065,0.023585,0x405030,1,643,441,202,0,100.000000,1,1,0.051714,1.200000,0.800000,cat,1,1,1,1,2252800,2252800,0,240105857024,240105857024,0,240105857024,240105857024,0,-1,-1,-1
2800,4,700,1,4,4,73103.823675,73103.851194,0.027519,0x405030,1,341,70,271,40,100.000000,1,1,0.051714,1.200000,0.800000,cat,14,7ffe,1,1,33161216,33161216,0,190208319488,190208319488,0,190208319488,190208319488,0,-1,-1,-1
2800,4,700,2,4,4,73103.816344,73103.844424,0.028080,0x405030,1,458,130,328,48,100.000000,1,1,0.051714,1.200000,0.800000,cat,14,7ffe,1,1,31268864,31358976,90112,188562423808,188562513920,90112,188562423808,188562513920,90112,-1,-1,-1
2800,4,700,3,4,4,73103.806588,73103.826913,0.020325,0x405030,1,186,133,53,56,100.000000,1,1,0.051714,1.200000,0.800000,cat,1,1,1,1,2162688,2162688,0,276685922304,276685922304,0,276685922304,276685922304,0,-1,-1,-1
2801,5,700,0,4,4,73103.916570,73103.937576,0.021006,0x405097,1,38,15,23,0,100.000000,1,1,0.071604,1.200000,0.800000,cat,1,1,1,1,2252800,2252800,0,240105947136,240105947136,0,240105947136,240105947136,0,-1,-1,-1
2801,5,700,1,4,4,73103.945258,73103.988174,0.042916,0x405097,1,2106,723,1383,40,100.000000,1,1,0.071604,1.200000,0.800000,cat,14,7ffe,1,1,33161216,33341440,180224,190208409600,190208679936,270336,190208409600,190208679936,270336,-1,-1,-1
2801,5,700,2,4,4,73103.937472,73103.969929,0.032457,0x405097,1,1372,217,1155,48,100.000000,1,1,0.071604,1.200000,0.800000,cat,14,7ffe,1,1,31268864,31268864,0,188562513920,188562513920,0,188562513920,188562513920,0,-1,-1,-1
2801,5,700,3,4,4,73103.924981,73103.945811,0.020830,0x405097,1,202,46,156,56,100.000000,1,1,0.071604,1.200000,0.800000,cat,1,1,1,1,2162688,2162688,0,276686012416,276686012416,0,276686012416,276686012416,0,-1,-1,-1
3198,2,800,0,4,4,83397.911354,83500.843490,37.233195,0x404f28,1,6199023,4819575,1379448,32,100.000000,1,1,103.506605,1.200000,0.800000,cat,1,1,1,1,3153920,2523136,540672,273932910592,274274074624,340443136,273932910592,274274074624,340623360,-1,-1,-1
3198,2,800,1,4,4,83397.908234,83501.411946,100.807696,0x404f28,1,19303745,2397485,16906260,40,100.000000,1,1,103.506605,1.200000,0.800000,cat,14,7ffe,1,1,32890880,32620544,270336,217396912128,217659768832,262856704,217396912128,217659768832,262856704,-1,-1,-1
3198,2,800,2,4,4,83397.905341,83501.346097,99.675096,0x404f28,1,19308237,2384889,16923348,48,100.000000,1,1,103.506605,1.200000,0.800000,cat,14,7ffe,1,1,31539200,30908416,901120,215206649856,215483564032,276643840,215206649856,215483564032,276643840,-1,-1,-1
3198,2,800,3,4,4,83397.905678,83500.815114,37.773859,0x404f28,1,7534687,5426361,2108326,56,100.000000,1,1,103.506605,1.200000,0.800000,cat,1,1,1,1,1892352,1622016,450560,315876892672,316275728384,398385152,315876892672,316275728384,398385152,-1,-1,-1
3199,3,800,0,4,4,83501.524820,83501.668122,0.143302,0x404f80,1,7412,4854,2558,32,100.000000,1,1,0.245154,1.200000,0.800000,cat,1,1,1,1,2703360,2252800,-450560,274274435072,274275065856,630784,274274435072,274275065856,630784,-1,-1,-1
3199,3,800,1,4,4,83501.547441,83501.769974,0.222533,0x404f80,1,19648,2976,16672,40,100.000000,1,1,0.245154,1.200000,0.800000,cat,14,7ffe,1,1,32620544,32890880,270336,217659768832,217659949056,180224,217659768832,217659949056,180224,-1,-1,-1
3199,3,800,2,4,4,83501.533034,83501.758398,0.225364,0x404f80,1,19822,3108,16714,48,100.000000,1,1,0.245154,1.200000,0.800000,cat,14,7ffe,1,1,30998528,31358976,360448,215483654144,215483654144,0,215483654144,215483654144,0,-1,-1,-1
3199,3,800,3,4,4,83501.554875,83501.706590,0.151715,0x404f80,1,7891,5096,2795,56,100.000000,1,1,0.245154,1.200000,0.800000,cat,1,1,1,1,1622016,1712128,90112,316275728384,316275728384,0,316275728384,316275728384,0,-1,-1,-1
3200,4,800,0,4,4,83501.897962,83501.920539,0.022577,0x405030,1,686,502,184,32,100.000000,1,1,0.055300,1.200000,0.800000,cat,1,1,1,1,2252800,2342912,90112,274275876864,274275876864,0,274275876864,274275876864,0,-1,-1,-1
3200,4,800,1,4,4,83501.904715,83501.932146,0.027431,0x405030,1,411,98,313,40,100.000000,1,1,0.055300,1.200000,0.800000,cat,14,7ffe,1,1,32980992,32980992,0,217659949056,217659949056,0,217659949056,217659949056,0,-1,-1,-1
3200,4,800,2,4,4,83501.883131,83501.911063,0.027932,0x405030,1,334,71,263,48,100.000000,1,1,0.055300,1.200000,0.800000,cat,14,7ffe,1,1,31268864,31358976,90112,215483744256,215483744256,0,215483744256,215483744256,0,-1,-1,-1
3200,4,800,3,4,4,83501.876846,83501.897304,0.020458,0x405030,1,194,138,56,56,100.000000,1,1,0.055300,1.200000,0.800000,cat,1,1,1,1,1712128,1712128,0,316275728384,316275728384,0,316275728384,316275728384,0,-1,-1,-1
3201,5,800,0,4,4,83502.007318,83502.029534,0.022216,0x405097,1,217,170,47,32,100.000000,1,1,0.059555,1.200000,0.800000,cat,1,1,1,1,2523136,2703360,180224,274275876864,274275876864,0,274275876864,274275966976,90112,-1,-1,-1
3201,5,800,1,4,4,83502.016564,83502.049742,0.033178,0x405097,1,1606,475,1131,40,100.000000,1,1,0.059555,1.200000,0.800000,cat,14,7ffe,1,1,32980992,33071104,90112,217659949056,217660129280,180224,217659949056,217660129280,180224,-1,-1,-1
3201,5,800,2,4,4,83502.032070,83502.066873,0.034803,0x405097,1,1040,168,872,48,100.000000,1,1,0.059555,1.200000,0.800000,cat,14,7ffe,1,1,31358976,31358976,0,215483744256,215483744256,0,215483744256,215483744256,0,-1,-1,-1
3201,5,800,3,4,4,83502.025841,83502.046458,0.020617,0x405097,1,242,66,176,56,100.000000,1,1,0.059555,1.200000,0.800000,cat,1,1,1,1,1712128,1622016,-90112,316275728384,316275728384,0,316275728384,316275728384,0,-1,-1,-1
3598,2,900,0,4,4,93701.962510,93807.230251,37.087070,0x404f28,1,6196671,4812252,1384419,0,100.000000,1,1,105.860966,1.200000,0.800000,cat,1,1,1,1,3244032,2433024,811008,308336771072,308673880064,336297984,308336771072,308673880064,336297984,-1,-1,-1
3598,2,900,1,4,4,93701.959607,93807.820573,103.263373,0x404f28,1,19310399,2396457,16913942,40,100.000000,1,1,105.860966,1.200000,0.800000,cat,14,7ffe,1,1,33071104,32530432,360448,244699766784,244985151488,285114368,244699766784,244985151488,285294592,-1,-1,-1
3598,2,900,2,4,4,93701.960965,93807.762935,101.543728,0x404f28,1,19312145,2366405,16945740,48,100.000000,1,1,105.860966,1.200000,0.800000,cat,14,7ffe,1,1,31178752,30818304,450560,242192941056,242460483584,267182080,242192941056,242460483584,267182080,-1,-1,-1
3598,2,900,3,4,4,93701.959740,93807.217730,38.437083,0x404f28,1,7547105,5437572,2109533,56,100.000000,1,1,105.860966,1.200000,0.800000,cat,1,1,1,1,1712128,1802240,270336,355619258368,356021157888,401539072,355619258368,356021157888,401539072,-1,-1,-1
3599,3,900,0,4,4,93807.938982,93808.085283,0.146301,0x404f80,1,7442,4769,2673,0,100.000000,1,1,0.245920,1.200000,0.800000,cat,1,1,1,1,2613248,2523136,-90112,308674150400,308674691072,540672,308674150400,308674691072,540672,-1,-1,-1
3599,3,900,1,4,4,93807.959889,93808.184902,0.225013,0x404f80,1,19717,3047,16670,40,100.000000,1,1,0.245920,1.200000,0.800000,cat,14,7ffe,1,1,32530432,32800768,270336,244985151488,244985602048,450560,244985151488,244985602048,450560,-1,-1,-1
3599,3,900,2,4,4,93807.947866,93808.170788,0.222922,0x404f80,1,19744,3056,16688,48,100.000000,1,1,0.245920,1.200000,0.800000,cat,14,7ffe,1,1,30818304,31088640,270336,242460663808,242460753920,90112,242460663808,242460753920,90112,-1,-1,-1
3599,3,900,3,4,4,93807.966535,93808.116240,0.149705,0x404f80,1,7858,5271,2587,56,100.000000,1,1,0.245920,1.200000,0.800000,cat,1,1,1,1,1802240,1712128,-90112,356021157888,356021157888,0,356021157888,356021157888,0,-1,-1,-1
3600,4,900,0,4,4,93808.290648,93808.318358,0.027710,0x405030,1,1111,932,179,0,100.000000,1,1,0.052235,1.200000,0.800000,cat,1,1,1,1,2883584,3063808,180224,308675502080,308675502080,0,308675502080,308675502080,0,-1,-1,-1
3600,4,900,1,4,4,93808.315130,93808.342883,0.027753,0x405030,1,378,82,296,40,100.000000,1,1,0.052235,1.200000,0.800000,cat,14,7ffe,1,1,32800768,32800768,0,244985602048,244985602048,0,244985602048,244985602048,0,-1,-1,-1
3600,4,900,2,4,4,93808.309203,93808.338646,0.029443,0x405030,1,401,133,268,48,100.000000,1,1,0.052235,1.200000,0.800000,cat,14,7ffe,1,1,31088640,31088640,0,242460753920,242460753920,0,242460753920,242460753920,0,-1,-1,-1
3600,4,900,3,4,4,93808.299521,93808.320399,0.020878,0x405030,1,198,139,59,56,100.000000,1,1,0.052235,1.200000,0.800000,cat,1,1,1,1,1531904,1531904,0,356021338112,356021338112,0,356021338112,356021338112,0,-1,-1,-1
3601,5,900,0,4,4,93808.425675,93808.498149,0.072474,0x405097,1,51,6,45,0,100.000000,1,1,0.072474,1.200000,0.800000,cat,1,1,1,1,3063808,3244032,180224,308675772416,308675862528,90112,308675772416,308675862528,90112,-1,-1,-1
3601,5,900,1,4,4,93808.429844,93808.462297,0.032453,0x405097,1,1549,366,1183,40,100.000000,1,1,0.072474,1.200000,0.800000,cat,14,7ffe,1,1,32800768,32980992,180224,244985692160,244985692160,0,244985692160,244985692160,0,-1,-1,-1
3601,5,900,2,4,4,93808.435362,93808.468564,0.033202,0x405097,1,1384,203,1181,48,100.000000,1,1,0.072474,1.200000,0.800000,cat,14,7ffe,1,1,31088640,31088640,0,242460753920,242460753920,0,242460753920,242460753920,0,-1,-1,-1
3601,5,900,3,4,4,93808.427698,93808.449138,0.021440,0x405097,1,172,51,121,56,100.000000,1,1,0.072474,1.200000,0.800000,cat,1,1,1,1,1531904,1441792,-90112,356021338112,356021338112,0,356021338112,356021338112,0,-1,-1,-1
3998,2,1000,0,4,4,104150.789239,104256.267845,36.898947,0x404f28,1,6195603,4797457,1398146,0,100.000000,1,1,106.074617,1.200000,0.800000,cat,1,1,1,1,2613248,2162688,90112,342703325184,343043948544,340262912,342703325184,343043948544,340353024,-1,-1,-1
3998,2,1000,1,4,4,104150.789027,104256.863066,103.329065,0x404f28,1,19305539,2372167,16933372,40,100.000000,1,1,106.074617,1.200000,0.800000,cat,14,7ffe,1,1,32710656,32890880,540672,272187531264,272476880896,289169408,272187531264,272476880896,289169408,-1,-1,-1
3998,2,1000,2,4,4,104150.788449,104256.798676,102.284792,0x404f28,1,19309896,2357144,16952752,48,100.000000,1,1,106.074617,1.200000,0.800000,cat,14,7ffe,1,1,31809536,31088640,180224,269054337024,269302956032,248528896,269054337024,269302956032,248528896,-1,-1,-1
3998,2,1000,3,4,4,104150.788785,104256.291667,39.629915,0x404f28,1,7280507,5169804,2110703,56,100.000000,1,1,106.074617,1.200000,0.800000,cat,1,1,1,1,2793472,1892352,450560,395435155456,395832909824,397574144,395435155456,395832909824,397574144,-1,-1,-1
3999,3,1000,0,4,4,104256.976851,104257.115136,0.138285,0x404f80,1,7475,4860,2615,0,100.000000,1,1,0.253525,1.200000,0.800000,cat,1,1,1,1,2252800,2613248,360448,343044218880,343044759552,540672,343044218880,343044759552,540672,-1,-1,-1
3999,3,1000,1,4,4,104257.008636,104257.230376,0.221740,0x404f80,1,19640,2898,16742,40,100.000000,1,1,0.253525,1.200000,0.800000,cat,14,7ffe,1,1,32890880,33071104,180224,272476880896,272477331456,450560,272476880896,272477331456,450560,-1,-1,-1
3999,3,1000,2,4,4,104256.987804,104257.209771,0.221967,0x404f80,1,19731,2957,16774,48,100.000000,1,1,0.253525,1.200000,0.800000,cat,14,7ffe,1,1,31088640,31268864,180224,269303046144,269303136256,90112,269303046144,269303136256,90112,-1,-1,-1
3999,3,1000,3,4,4,104257.001180,104257.191267,0.190087,0x404f80,1,7236,4650,2586,56,100.000000,1,1,0.253525,1.200000,0.800000,cat,1,1,1,1,1982464,1712128,-270336,395832909824,395833090048,180224,395832909824,395833090048,180224,-1,-1,-1
4000,4,1000,0,4,4,104257.332551,104257.355048,0.022497,0x405030,1,570,442,128,0,100.000000,1,1,0.055451,1.200000,0.800000,cat,1,1,1,1,2613248,2613248,0,343045660672,343045660672,0,343045660672,343045660672,0,-1,-1,-1
4000,4,1000,1,4,4,104257.352809,104257.380374,0.027565,0x405030,1,380,89,291,40,100.000000,1,1,0.055451,1.200000,0.800000,cat,14,7ffe,1,1,33071104,33161216,90112,272477331456,272477331456,0,272477331456,272477331456,0,-1,-1,-1
4000,4,1000,2,4,4,104257.360156,104257.388002,0.027846,0x405030,1,363,100,263,48,100.000000,1,1,0.055451,1.200000,0.800000,cat,14,7ffe,1,1,31268864,31268864,0,269303136256,269303136256,0,269303136256,269303136256,0,-1,-1,-1
4000,4,1000,3,4,4,104257.340213,104257.362109,0.021896,0x405030,1,92,61,31,56,100.000000,1,1,0.055451,1.200000,0.800000,cat,1,1,1,1,1622016,1622016,0,395833180160,395833180160,0,395833180160,395833180160,0,-1,-1,-1
4001,5,1000,0,4,4,104257.461058,104257.482384,0.021326,0x405097,1,60,18,42,0,100.000000,1,1,0.060338,1.200000,0.800000,cat,1,1,1,1,2613248,2613248,0,343045660672,343045660672,0,343045660672,343045660672,0,-1,-1,-1
4001,5,1000,1,4,4,104257.487986,104257.521396,0.033410,0x405097,1,1890,572,1318,40,100.000000,1,1,0.060338,1.200000,0.800000,cat,14,7ffe,1,1,33251328,33161216,-90112,272477421568,272477601792,180224,272477421568,272477601792,180224,-1,-1,-1
4001,5,1000,2,4,4,104257.471674,104257.504485,0.032811,0x405097,1,1569,315,1254,48,100.000000,1,1,0.060338,1.200000,0.800000,cat,14,7ffe,1,1,31268864,31268864,0,269303136256,269303136256,0,269303136256,269303136256,0,-1,-1,-1
4001,5,1000,3,4,4,104257.480041,104257.501993,0.021952,0x405097,1,117,33,84,56,100.000000,1,1,0.060338,1.200000,0.800000,cat,1,1,1,1,1622016,1622016,0,395833180160,395833180160,0,395833180160,395833180160,0,-1,-1,-1
4398,2,1100,0,4,4,114485.048290,114591.110668,37.220364,0x404f28,1,6195789,4813948,1381841,0,100.000000,1,1,106.658782,1.200000,0.800000,cat,1,1,1,1,3063808,2613248,1171456,377173237760,377521070080,347291648,377173237760,377521070080,347381760,-1,-1,-1
4398,2,1100,1,4,4,114485.049126,114591.699699,102.991474,0x404f28,1,19308634,2400778,16907856,40,100.000000,1,1,106.658782,1.200000,0.800000,cat,14,7ffe,1,1,33071104,33071104,540672,299375943680,299639070720,262946816,299375943680,299639160832,263127040,-1,-1,-1
4398,2,1100,2,4,4,114485.046568,114591.633268,102.600992,0x404f28,1,19309983,2384715,16925268,48,100.000000,1,1,106.658782,1.200000,0.800000,cat,14,7ffe,1,1,31088640,31178752,991232,296125784064,296403599360,277725184,296125784064,296403599360,277725184,-1,-1,-1
4398,2,1100,3,4,4,114485.040917,114591.092205,38.627868,0x404f28,1,7549334,5439780,2109554,56,100.000000,1,1,106.658782,1.200000,0.800000,cat,1,1,1,1,1982464,1892352,1171456,435097501696,435497418752,399736832,435097501696,435497418752,399736832,-1,-1,-1
4399,3,1100,0,4,4,114591.818864,114591.960973,0.142109,0x404f80,1,7420,4824,2596,0,100.000000,1,1,0.251473,1.200000,0.800000,cat,1,1,1,1,2703360,2342912,-360448,377521430528,377521881088,450560,377521430528,377521881088,450560,-1,-1,-1
4399,3,1100,1,4,4,114591.848147,114592.070337,0.222190,0x404f80,1,19753,3052,16701,40,100.000000,1,1,0.251473,1.200000,0.800000,cat,14,7ffe,1,1,33071104,33161216,90112,299639160832,299639431168,270336,299639160832,299639431168,270336,-1,-1,-1
4399,3,1100,2,4,4,114591.827622,114592.047878,0.220256,0x404f80,1,19778,3043,16735,48,100.000000,1,1,0.251473,1.200000,0.800000,cat,14,7ffe,1,1,31178752,31268864,90112,296403689472,296403689472,0,296403689472,296403689472,0,-1,-1,-1
4399,3,1100,3,4,4,114591.840722,114591.992898,0.152176,0x404f80,1,7888,5384,2504,56,100.000000,1,1,0.251473,1.200000,0.800000,cat,1,1,1,1,1892352,1892352,0,435497508864,435497508864,0,435497508864,435497508864,0,-1,-1,-1
4400,4,1100,0,4,4,114592.170781,114592.193649,0.022868,0x405030,1,592,436,156,0,100.000000,1,1,0.053674,1.200000,0.800000,cat,1,1,1,1,2613248,2613248,0,377522782208,377522782208,0,377522782208,377522782208,0,-1,-1,-1
4400,4,1100,1,4,4,114592.197142,114592.224455,0.027313,0x405030,1,337,68,269,40,100.000000,1,1,0.053674,1.200000,0.800000,cat,14,7ffe,1,1,33341440,33341440,0,299639431168,299639431168,0,299639431168,299639431168,0,-1,-1,-1
4400,4,1100,2,4,4,114592.178955,114592.207360,0.028405,0x405030,1,390,91,299,48,100.000000,1,1,0.053674,1.200000,0.800000,cat,14,7ffe,1,1,31268864,31268864,0,296403689472,296403689472,0,296403689472,296403689472,0,-1,-1,-1
4400,4,1100,3,4,4,114592.190798,114592.211175,0.020377,0x405030,1,190,138,52,56,100.000000,1,1,0.053674,1.200000,0.800000,cat,1,1,1,1,1802240,1802240,0,435497598976,435497598976,0,435497598976,435497598976,0,-1,-1,-1
4401,5,1100,0,4,4,114592.303733,114592.326021,0.022288,0x405097,1,138,85,53,0,100.000000,1,1,0.061558,1.200000,0.800000,cat,1,1,1,1,2613248,2883584,270336,377522782208,377522872320,90112,377522782208,377522872320,90112,-1,-1,-1
4401,5,1100,1,4,4,114592.312298,114592.343587,0.031289,0x405097,1,1790,428,1362,40,100.000000,1,1,0.061558,1.200000,0.800000,cat,14,7ffe,1,1,33431552,33521664,90112,299639521280,299639701504,180224,299639521280,299639701504,180224,-1,-1,-1
4401,5,1100,2,4,4,114592.315685,114592.351913,0.036228,0x405097,1,1023,148,875,48,100.000000,1,1,0.061558,1.200000,0.800000,cat,14,7ffe,1,1,31178752,31358976,180224,296403689472,296403689472,0,296403689472,296403689472,0,-1,-1,-1
4401,5,1100,3,4,4,114592.290355,114592.311397,0.021042,0x405097,1,186,36,150,56,100.000000,1,1,0.061558,1.200000,0.800000,cat,1,1,1,1,1802240,1712128,-90112,435497598976,435497689088,90112,435497598976,435497689088,90112,-1,-1,-1
4798,2,1200,0,4,4,124878.255938,124982.787036,37.862166,0x404f28,1,6201656,4826951,1374705,32,100.000000,1,1,105.106668,1.200000,0.800000,cat,1,1,1,1,2883584,1982464,-90112,411602239488,411944574976,341344256,411602239488,411944574976,341344256,-1,-1,-1
4798,2,1200,1,4,4,124878.268023,124983.355851,101.843727,0x404f28,1,19304792,2398039,16906753,8,100.000000,1,1,105.106668,1.200000,0.800000,cat,14,7ffe,1,1,33521664,33521664,180224,326305464320,326554533888,248799232,326305464320,326554533888,248799232,-1,-1,-1
4798,2,1200,2,4,4,124878.253589,124983.288753,101.391662,0x404f28,1,19308958,2393357,16915601,48,100.000000,1,1,105.106668,1.200000,0.800000,cat,14,7ffe,1,1,30818304,31358976,1531904,323562004480,323860635648,297549824,323562004480,323860635648,297549824,-1,-1,-1
4798,2,1200,3,4,4,124878.249183,124982.758689,38.397088,0x404f28,1,7544982,5422324,2122658,56,100.000000,1,1,105.106668,1.200000,0.800000,cat,1,1,1,1,2072576,2072576,901120,474730741760,475133722624,402530304,474730741760,475133722624,402620416,-1,-1,-1
4799,3,1200,0,4,4,124983.465787,124983.608538,0.142751,0x404f80,1,7517,4879,2638,32,100.000000,1,1,0.254408,1.200000,0.800000,cat,1,1,1,1,2072576,1802240,-270336,411944935424,411945205760,270336,411944935424,411945205760,270336,-1,-1,-1
4799,3,1200,1,4,4,124983.488331,124983.716036,0.227705,0x404f80,1,19631,3023,16608,8,100.000000,1,1,0.254408,1.200000,0.800000,cat,14,7ffe,1,1,33611776,33521664,-90112,326554624000,326554984448,360448,326554624000,326554984448,360448,-1,-1,-1
4799,3,1200,2,4,4,124983.498505,124983.720195,0.221690,0x404f80,1,19733,3097,16636,48,100.000000,1,1,0.254408,1.200000,0.800000,cat,14,7ffe,1,1,31358976,31449088,90112,323860725760,323860905984,180224,323860725760,323860905984,180224,-1,-1,-1
4799,3,1200,3,4,4,124983.473537,124983.619169,0.145632,0x404f80,1,7879,5148,2731,56,100.000000,1,1,0.254408,1.200000,0.800000,cat,1,1,1,1,2162688,2252800,90112,475133722624,475133722624,0,475133722624,475133722624,0,-1,-1,-1
4800,4,1200,0,4,4,124983.831697,124983.855380,0.023683,0x405030,1,473,332,141,32,100.000000,1,1,0.053534,1.200000,0.800000,cat,1,1,1,1,2072576,2072576,0,411946016768,411946016768,0,411946016768,411946016768,0,-1,-1,-1
4800,4,1200,1,4,4,124983.857071,124983.885231,0.028160,0x405030,1,446,122,324,8,100.000000,1,1,0.053534,1.200000,0.800000,cat,14,7ffe,1,1,33611776,33611776,0,326554984448,326554984448,0,326554984448,326554984448,0,-1,-1,-1
4800,4,1200,2,4,4,124983.850754,124983.878163,0.027409,0x405030,1,432,130,302,48,100.000000,1,1,0.053534,1.200000,0.800000,cat,14,7ffe,1,1,31449088,31449088,0,323860996096,323860996096,0,323860996096,323860996096,0,-1,-1,-1
4800,4,1200,3,4,4,124983.838065,124983.858471,0.020406,0x405030,1,318,259,59,56,100.000000,1,1,0.053534,1.200000,0.800000,cat,1,1,1,1,2162688,2162688,0,475133812736,475133902848,90112,475133812736,475133902848,90112,-1,-1,-1
4801,5,1200,0,4,4,124983.954469,124983.975628,0.021159,0x405097,1,30,10,20,32,100.000000,1,1,0.051813,1.200000,0.800000,cat,1,1,1,1,2162688,2162688,0,411946106880,411946106880,0,411946106880,411946106880,0,-1,-1,-1
4801,5,1200,1,4,4,124983.971970,124984.006282,0.034312,0x405097,1,1815,578,1237,8,100.000000,1,1,0.051813,1.200000,0.800000,cat,14,7ffe,1,1,33611776,33521664,-90112,326554984448,326555164672,180224,326554984448,326555164672,180224,-1,-1,-1
4801,5,1200,2,4,4,124983.959423,124983.991643,0.032220,0x405097,1,1514,296,1218,48,100.000000,1,1,0.051813,1.200000,0.800000,cat,14,7ffe,1,1,31449088,31449088,0,323860996096,323860996096,0,323860996096,323860996096,0,-1,-1,-1
4801,5,1200,3,4,4,124983.961975,124983.983148,0.021173,0x405097,1,248,68,180,56,100.000000,1,1,0.051813,1.200000,0.800000,cat,1,1,1,1,2252800,2252800,0,475133902848,475133902848,0,475133902848,475133902848,0,-1,-1,-1
5198,2,1300,0,4,4,135190.498104,135294.477437,37.187802,0x404f28,1,6201182,4820036,1381146,32,100.000000,1,1,104.569067,1.200000,0.800000,cat,1,1,1,1,2793472,2342912,450560,445822541824,446169112576,345939968,445822541824,446169112576,346030080,-1,-1,-1
5198,2,1300,1,4,4,135190.497818,135295.060172,101.680611,0x404f28,1,19305588,2386801,16918787,8,100.000000,1,1,104.569067,1.200000,0.800000,cat,14,7ffe,1,1,32800768,32980992,270336,353615527936,353898389504,282501120,353615527936,353898389504,282591232,-1,-1,-1
5198,2,1300,2,4,4,135190.491105,135295.000849,100.030620,0x404f28,1,19307069,2378745,16928324,48,100.000000,1,1,104.569067,1.200000,0.800000,cat,14,7ffe,1,1,31629312,30818304,1622016,350656069632,350921719808,264568832,350656069632,350921719808,264568832,-1,-1,-1
5198,2,1300,3,4,4,135190.494162,135294.464297,37.860259,0x404f28,1,7537648,5413627,2124021,56,100.000000,1,1,104.569067,1.200000,0.800000,cat,1,1,1,1,2162688,1622016,360448,514250080256,514649817088,399196160,514250080256,514649817088,399196160,-1,-1,-1
5199,3,1300,0,4,4,135295.172478,135295.312547,0.140069,0x404f80,1,7402,4704,2698,32,100.000000,1,1,0.249226,1.200000,0.800000,cat,1,1,1,1,2523136,2252800,-270336,446169382912,446169653248,270336,446169382912,446169653248,270336,-1,-1,-1
5199,3,1300,1,4,4,135295.201322,135295.421704,0.220382,0x404f80,1,19617,2974,16643,8,100.000000,1,1,0.249226,1.200000,0.800000,cat,14,7ffe,1,1,32890880,33161216,270336,353898389504,353898659840,270336,353898389504,353898659840,270336,-1,-1,-1
5199,3,1300,2,4,4,135295.180552,135295.402876,0.222324,0x404f80,1,19736,3020,16716,48,100.000000,1,1,0.249226,1.200000,0.800000,cat,14,7ffe,1,1,30908416,30998528,90112,350921809920,350921900032,90112,350921809920,350921900032,90112,-1,-1,-1
5199,3,1300,3,4,4,135295.194548,135295.339939,0.145391,0x404f80,1,7920,5152,2768,56,100.000000,1,1,0.249226,1.200000,0.800000,cat,1,1,1,1,1712128,1802240,90112,514649817088,514649817088,0,514649817088,514649817088,0,-1,-1,-1
5200,4,1300,0,4,4,135295.526014,135295.549037,0.023023,0x405030,1,594,427,167,32,100.000000,1,1,0.048063,1.200000,0.800000,cat,1,1,1,1,2433024,2433024,0,446170554368,446170554368,0,446170554368,446170554368,0,-1,-1,-1
5200,4,1300,1,4,4,135295.546492,135295.574077,0.027585,0x405030,1,303,71,232,8,100.000000,1,1,0.048063,1.200000,0.800000,cat,14,7ffe,1,1,33071104,33071104,0,353898659840,353898659840,0,353898659840,353898659840,0,-1,-1,-1
5200,4,1300,2,4,4,135295.540514,135295.567986,0.027472,0x405030,1,345,102,243,48,100.000000,1,1,0.048063,1.200000,0.800000,cat,14,7ffe,1,1,30998528,30998528,0,350921900032,350921900032,0,350921900032,350921900032,0,-1,-1,-1
5200,4,1300,3,4,4,135295.532977,135295.553518,0.020541,0x405030,1,182,129,53,56,100.000000,1,1,0.048063,1.200000,0.800000,cat,1,1,1,1,1712128,1712128,0,514649907200,514649907200,0,514649907200,514649907200,0,-1,-1,-1
5201,5,1300,0,4,4,135295.665204,135295.686529,0.021325,0x405097,1,47,12,35,32,100.000000,1,1,0.072683,1.200000,0.800000,cat,1,1,1,1,2613248,2613248,0,446170644480,446170734592,90112,446170644480,446170734592,90112,-1,-1,-1
5201,5,1300,1,4,4,135295.673297,135295.713437,0.040140,0x405097,1,1944,536,1408,8,100.000000,1,1,0.072683,1.200000,0.800000,cat,14,7ffe,1,1,33071104,33251328,180224,353898659840,353898930176,270336,353898659840,353898930176,270336,-1,-1,-1
5201,5,1300,2,4,4,135295.648996,135295.683137,0.034141,0x405097,1,1184,153,1031,48,100.000000,1,1,0.072683,1.200000,0.800000,cat,14,7ffe,1,1,31088640,31268864,180224,350921990144,350921990144,0,350921990144,350921990144,0,-1,-1,-1
5201,5,1300,3,4,4,135295.640754,135295.661869,0.021115,0x405097,1,245,69,176,56,100.000000,1,1,0.072683,1.200000,0.800000,cat,1,1,1,1,1712128,1712128,0,514649907200,514649907200,0,514649907200,514649907200,0,-1,-1,-1
5598,2,1400,0,4,4,145471.113607,145575.625062,37.204915,0x404f28,1,6177596,4803976,1373620,32,100.000000,1,1,105.102923,1.200000,0.800000,cat,1,1,1,1,2883584,2433024,90112,480377069568,480727515136,349724672,480377069568,480727515136,349724672,-1,-1,-1
5598,2,1400,1,4,4,145471.111652,145576.211928,101.980583,0x404f28,1,19286782,2397497,16889285,8,100.000000,1,1,105.102923,1.200000,0.800000,cat,14,7ffe,1,1,33251328,33251328,901120,380807634944,381080043520,272048128,380807634944,381080043520,272138240,-1,-1,-1
5598,2,1400,2,4,4,145471.109359,145576.144891,101.208309,0x404f28,1,19289278,2382331,16906947,48,100.000000,1,1,105.102923,1.200000,0.800000,cat,14,7ffe,1,1,31268864,30818304,720896,377947480064,378215563264,267902976,377947480064,378215563264,267902976,-1,-1,-1
5598,2,1400,3,4,4,145471.109005,145575.602935,37.884454,0x404f28,1,7520323,5392352,2127971,56,100.000000,1,1,105.102923,1.200000,0.800000,cat,1,1,1,1,1802240,1982464,630784,553487458304,553883951104,396132352,553487458304,553883951104,396132352,-1,-1,-1
5599,3,1400,0,4,4,145576.362928,145576.506133,0.143205,0x404f80,1,7346,4839,2507,32,100.000000,1,1,0.250319,1.200000,0.800000,cat,1,1,1,1,2613248,2793472,180224,480727875584,480728326144,450560,480727875584,480728326144,450560,-1,-1,-1
5599,3,1400,1,4,4,145576.351688,145576.576352,0.224664,0x404f80,1,19718,3036,16682,8,100.000000,1,1,0.250319,1.200000,0.800000,cat,14,7ffe,1,1,33251328,33071104,-180224,381080043520,381080313856,270336,381080043520,381080313856,270336,-1,-1,-1
5599,3,1400,2,4,4,145576.326033,145576.547718,0.221685,0x404f80,1,19651,3078,16573,48,100.000000,1,1,0.250319,1.200000,0.800000,cat,14,7ffe,1,1,30818304,30818304,0,378215653376,378215743488,90112,378215653376,378215743488,90112,-1,-1,-1
5599,3,1400,3,4,4,145576.338189,145576.487147,0.148958,0x404f80,1,7890,5236,2654,56,100.000000,1,1,0.250319,1.200000,0.800000,cat,1,1,1,1,1802240,1712128,-90112,553883951104,553883951104,0,553883951104,553883951104,0,-1,-1,-1
5600,4,1400,0,4,4,145576.677981,145576.706985,0.029004,0x405030,1,592,459,133,32,100.000000,1,1,0.070923,1.200000,0.800000,cat,1,1,1,1,2703360,2793472,90112,480729227264,480729407488,180224,480729227264,480729407488,180224,-1,-1,-1
5600,4,1400,1,4,4,145576.708061,145576.735462,0.027401,0x405030,1,268,52,216,8,100.000000,1,1,0.070923,1.200000,0.800000,cat,14,7ffe,1,1,33161216,33161216,0,381080313856,381080313856,0,381080313856,381080313856,0,-1,-1,-1
5600,4,1400,2,4,4,145576.720503,145576.748904,0.028401,0x405030,1,399,95,304,48,100.000000,1,1,0.070923,1.200000,0.800000,cat,14,7ffe,1,1,30728192,30728192,0,378215833600,378215833600,0,378215833600,378215833600,0,-1,-1,-1
5600,4,1400,3,4,4,145576.699300,145576.719631,0.020331,0x405030,1,298,242,56,56,100.000000,1,1,0.070923,1.200000,0.800000,cat,1,1,1,1,1802240,1892352,90112,553883951104,553883951104,0,553883951104,553883951104,0,-1,-1,-1
5601,5,1400,0,4,4,145576.818030,145576.839302,0.021272,0x405097,1,51,14,37,32,100.000000,1,1,0.056111,1.200000,0.800000,cat,1,1,1,1,2793472,2793472,0,480729497600,480729497600,0,480729497600,480729497600,0,-1,-1,-1
5601,5,1400,1,4,4,145576.835398,145576.867947,0.032549,0x405097,1,1927,576,1351,8,100.000000,1,1,0.056111,1.200000,0.800000,cat,14,7ffe,1,1,33161216,33341440,180224,381080403968,381080584192,180224,381080403968,381080584192,180224,-1,-1,-1
5601,5,1400,2,4,4,145576.841289,145576.874141,0.032852,0x405097,1,1556,363,1193,48,100.000000,1,1,0.056111,1.200000,0.800000,cat,14,7ffe,1,1,30728192,30818304,90112,378215923712,378216013824,90112,378215923712,378216013824,90112,-1,-1,-1
5601,5,1400,3,4,4,145576.826938,145576.847787,0.020849,0x405097,1,236,47,189,56,100.000000,1,1,0.056111,1.200000,0.800000,cat,1,1,1,1,1892352,1802240,-90112,553883951104,553883951104,0,553883951104,553883951104,0,-1,-1,-1
5998,2,1500,0,4,4,155854.274778,155958.165531,37.560714,0x404f28,1,6181436,4809797,1371639,32,100.000000,1,1,104.509373,1.200000,0.800000,cat,1,1,1,1,3063808,2162688,270336,514766602240,515111190528,344047616,514766602240,515111190528,344137728,-1,-1,-1
5998,2,1500,1,4,4,155854.269948,155958.779321,101.972681,0x404f28,1,19283683,2380766,16902917,8,100.000000,1,1,104.509373,1.200000,0.800000,cat,14,7ffe,1,1,33341440,33251328,360448,408164646912,408441741312,277004288,408164646912,408441741312,277004288,-1,-1,-1
5998,2,1500,2,4,4,155854.271403,155958.680094,100.660294,0x404f28,1,19289424,2365626,16923798,48,100.000000,1,1,104.509373,1.200000,0.800000,cat,14,7ffe,1,1,31268864,30728192,450560,404827348992,405099757568,272318464,404827348992,405099757568,272318464,-1,-1,-1
5998,2,1500,3,4,4,155854.270048,155958.143146,37.794573,0x404f28,1,7522612,5396793,2125819,56,100.000000,1,1,104.509373,1.200000,0.800000,cat,1,1,1,1,1982464,1802240,360448,592784941056,593192337408,405143552,592784941056,593192337408,405143552,-1,-1,-1
5999,3,1500,0,4,4,155958.903074,155959.046627,0.143553,0x404f80,1,7540,5045,2495,32,100.000000,1,1,0.247206,1.200000,0.800000,cat,1,1,1,1,2252800,2162688,-90112,515111370752,515111821312,450560,515111370752,515111821312,450560,-1,-1,-1
5999,3,1500,1,4,4,155958.923122,155959.142874,0.219752,0x404f80,1,19628,3022,16606,8,100.000000,1,1,0.247206,1.200000,0.800000,cat,14,7ffe,1,1,33341440,33521664,180224,408441741312,408441921536,180224,408441741312,408441921536,180224,-1,-1,-1
5999,3,1500,2,4,4,155958.930143,155959.150280,0.220137,0x404f80,1,19729,3056,16673,48,100.000000,1,1,0.247206,1.200000,0.800000,cat,14,7ffe,1,1,30728192,31088640,360448,405099847680,405100027904,180224,405099847680,405100027904,180224,-1,-1,-1
5999,3,1500,3,4,4,155958.910033,155959.060096,0.150063,0x404f80,1,7866,5156,2710,56,100.000000,1,1,0.247206,1.200000,0.800000,cat,1,1,1,1,1982464,1892352,-90112,593192427520,593192517632,90112,593192427520,593192517632,90112,-1,-1,-1
6000,4,1500,0,4,4,155959.255536,155959.278088,0.022552,0x405030,1,610,456,154,32,100.000000,1,1,0.059255,1.200000,0.800000,cat,1,1,1,1,2523136,2613248,90112,515112722432,515112722432,0,515112722432,515112722432,0,-1,-1,-1
6000,4,1500,1,4,4,155959.277432,155959.305004,0.027572,0x405030,1,356,99,257,8,100.000000,1,1,0.059255,1.200000,0.800000,cat,14,7ffe,1,1,33521664,33521664,0,408442011648,408442011648,0,408442011648,408442011648,0,-1,-1,-1
6000,4,1500,2,4,4,155959.286667,155959.314791,0.028124,0x405030,1,431,117,314,48,100.000000,1,1,0.059255,1.200000,0.800000,cat,14,7ffe,1,1,31178752,31178752,0,405100027904,405100027904,0,405100027904,405100027904,0,-1,-1,-1
6000,4,1500,3,4,4,155959.262889,155959.283318,0.020429,0x405030,1,184,118,66,56,100.000000,1,1,0.059255,1.200000,0.800000,cat,1,1,1,1,1712128,1712128,0,593192697856,593192697856,0,593192697856,593192697856,0,-1,-1,-1
6001,5,1500,0,4,4,155959.410646,155959.433305,0.022659,0x405097,1,181,142,39,32,100.000000,1,1,0.052534,1.200000,0.800000,cat,1,1,1,1,2703360,2883584,180224,515112812544,515112902656,90112,515112812544,515112902656,90112,-1,-1,-1
6001,5,1500,1,4,4,155959.391951,155959.426934,0.034983,0x405097,1,1544,421,1123,8,100.000000,1,1,0.052534,1.200000,0.800000,cat,14,7ffe,1,1,33521664,33521664,0,408442011648,408442101760,90112,408442011648,408442101760,90112,-1,-1,-1
6001,5,1500,2,4,4,155959.401967,155959.435501,0.033534,0x405097,1,1344,208,1136,48,100.000000,1,1,0.052534,1.200000,0.800000,cat,14,7ffe,1,1,31268864,31539200,270336,405100027904,405100118016,90112,405100027904,405100118016,90112,-1,-1,-1
6001,5,1500,3,4,4,155959.382967,155959.404126,0.021159,0x405097,1,163,45,118,56,100.000000,1,1,0.052534,1.200000,0.800000,cat,1,1,1,1,1802240,1712128,-90112,593192697856,593192697856,0,593192697856,593192697856,0,-1,-1,-1
6398,2,1600,0,4,4,166224.130383,166329.146404,36.776304,0x404f28,1,6174977,4797714,1377263,0,100.000000,1,1,105.613180,1.200000,0.800000,cat,1,1,1,1,2973696,2523136,1982464,549140635648,549493334016,352247808,549140635648,549493334016,352247808,-1,-1,-1
6398,2,1600,1,4,4,166224.138122,166329.739309,102.440999,0x404f28,1,19283972,2363599,16920373,40,100.000000,1,1,105.613180,1.200000,0.800000,cat,14,7ffe,1,1,33521664,33071104,360448,435265921024,435524902912,258711552,435265921024,435524902912,258801664,-1,-1,-1
6398,2,1600,2,4,4,166224.126129,166329.674678,102.010890,0x404f28,1,19291374,2357286,16934088,48,100.000000,1,1,105.613180,1.200000,0.800000,cat,14,7ffe,1,1,31358976,30638080,360448,432125247488,432411803648,286466048,432125247488,432411803648,286466048,-1,-1,-1
6398,2,1600,3,4,4,166224.126443,166329.136343,37.935004,0x404f28,1,7525405,5409026,2116379,56,100.000000,1,1,105.613180,1.200000,0.800000,cat,1,1,1,1,2072576,1712128,90112,632307884032,632703025152,394870784,632307884032,632703025152,394870784,-1,-1,-1
6399,3,1600,0,4,4,166329.887821,166330.030304,0.142483,0x404f80,1,7426,4875,2551,0,100.000000,1,1,0.250880,1.200000,0.800000,cat,1,1,1,1,2703360,2613248,-90112,549493964800,549494235136,270336,549493964800,549494235136,270336,-1,-1,-1
6399,3,1600,1,4,4,166329.893732,166330.111946,0.218214,0x404f80,1,19631,2859,16772,40,100.000000,1,1,0.250880,1.200000,0.800000,cat,14,7ffe,1,1,33161216,33251328,90112,435524902912,435525173248,270336,435524902912,435525173248,270336,-1,-1,-1
6399,3,1600,2,4,4,166329.872397,166330.095647,0.223250,0x404f80,1,19651,3005,16646,48,100.000000,1,1,0.250880,1.200000,0.800000,cat,14,7ffe,1,1,30638080,31088640,450560,432411893760,432411983872,90112,432411893760,432411983872,90112,-1,-1,-1
6399,3,1600,3,4,4,166329.861066,166330.014375,0.153309,0x404f80,1,7819,5111,2708,56,100.000000,1,1,0.250880,1.200000,0.800000,cat,1,1,1,1,1712128,1531904,-180224,632703025152,632703115264,90112,632703025152,632703115264,90112,-1,-1,-1
6400,4,1600,0,4,4,166330.214397,166330.237521,0.023124,0x405030,1,545,402,143,0,100.000000,1,1,0.056645,1.200000,0.800000,cat,1,1,1,1,2793472,2793472,0,549494956032,549494956032,0,549494956032,549494956032,0,-1,-1,-1
6400,4,1600,1,4,4,166330.242771,166330.271042,0.028271,0x405030,1,357,107,250,40,100.000000,1,1,0.056645,1.200000,0.800000,cat,14,7ffe,1,1,33251328,33251328,0,435525173248,435525173248,0,435525173248,435525173248,0,-1,-1,-1
6400,4,1600,2,4,4,166330.235233,166330.263363,0.028130,0x405030,1,480,131,349,48,100.000000,1,1,0.056645,1.200000,0.800000,cat,14,7ffe,1,1,31088640,31088640,0,432411983872,432411983872,0,432411983872,432411983872,0,-1,-1,-1
6400,4,1600,3,4,4,166330.222527,166330.243186,0.020659,0x405030,1,221,158,63,56,100.000000,1,1,0.056645,1.200000,0.800000,cat,1,1,1,1,1531904,1531904,0,632703115264,632703115264,0,632703115264,632703115264,0,-1,-1,-1
6401,5,1600,0,4,4,166330.340723,166330.362814,0.022091,0x405097,1,151,122,29,0,100.000000,1,1,0.042560,1.200000,0.800000,cat,1,1,1,1,2703360,2883584,180224,549494956032,549495046144,90112,549494956032,549495046144,90112,-1,-1,-1
6401,5,1600,1,4,4,166330.346181,166330.379885,0.033704,0x405097,1,1488,275,1213,40,100.000000,1,1,0.042560,1.200000,0.800000,cat,14,7ffe,1,1,33251328,33161216,-90112,435525263360,435525263360,0,435525263360,435525263360,0,-1,-1,-1
6401,5,1600,2,4,4,166330.350511,166330.383283,0.032772,0x405097,1,1367,208,1159,48,100.000000,1,1,0.042560,1.200000,0.800000,cat,14,7ffe,1,1,31088640,31358976,270336,432411983872,432411983872,0,432411983872,432411983872,0,-1,-1,-1
6401,5,1600,3,4,4,166330.353761,166330.374707,0.020946,0x405097,1,198,24,174,56,100.000000,1,1,0.042560,1.200000,0.800000,cat,1,1,1,1,1622016,1531904,-90112,632703115264,632703115264,0,632703115264,632703115264,0,-1,-1,-1
6798,2,1700,0,4,4,176697.169404,176801.995442,36.785590,0x404f28,1,6172723,4790752,1381971,0,100.000000,1,1,105.426907,1.200000,0.800000,cat,1,1,1,1,3334144,2252800,270336,583659118592,584009113600,349544448,583659118592,584009113600,349544448,-1,-1,-1
6798,2,1700,1,4,4,176697.148147,176802.567921,102.425603,0x404f28,1,19286042,2376732,16909310,40,100.000000,1,1,105.426907,1.200000,0.800000,cat,14,7ffe,1,1,33161216,33521664,630784,462215176192,462487855104,271507456,462215176192,462487855104,271777792,-1,-1,-1
6798,2,1700,2,4,4,176697.141014,176802.519668,101.459499,0x404f28,1,19288042,2364134,16923908,48,100.000000,1,1,105.426907,1.200000,0.800000,cat,14,7ffe,1,1,31178752,30547968,90112,459628691456,459911733248,283041792,459628691456,459911733248,283041792,-1,-1,-1
6798,2,1700,3,4,4,176697.147938,176801.975995,38.229394,0x404f28,1,7527209,5401732,2125477,56,100.000000,1,1,105.426907,1.200000,0.800000,cat,1,1,1,1,1982464,1892352,811008,671956443136,672352935936,396132352,671956443136,672352935936,396132352,-1,-1,-1
6799,3,1700,0,4,4,176802.718315,176802.858938,0.140623,0x404f80,1,7529,4966,2563,0,100.000000,1,1,0.239271,1.200000,0.800000,cat,1,1,1,1,2342912,2342912,0,584009564160,584010014720,450560,584009564160,584010014720,450560,-1,-1,-1
6799,3,1700,1,4,4,176802.687353,176802.909411,0.222058,0x404f80,1,19614,2918,16696,40,100.000000,1,1,0.239271,1.200000,0.800000,cat,14,7ffe,1,1,33521664,33611776,90112,462488215552,462488485888,270336,462488215552,462488485888,270336,-1,-1,-1
6799,3,1700,2,4,4,176802.702871,176802.926624,0.223753,0x404f80,1,19658,3041,16617,48,100.000000,1,1,0.239271,1.200000,0.800000,cat,14,7ffe,1,1,30638080,30638080,0,459911733248,459912003584,270336,459911733248,459912003584,270336,-1,-1,-1
6799,3,1700,3,4,4,176802.724076,176802.872244,0.148168,0x404f80,1,7869,5088,2781,56,100.000000,1,1,0.239271,1.200000,0.800000,cat,1,1,1,1,1892352,1802240,-90112,672352935936,672353026048,90112,672352935936,672353026048,90112,-1,-1,-1
6800,4,1700,0,4,4,176803.029143,176803.051484,0.022341,0x405030,1,678,504,174,0,100.000000,1,1,0.057384,1.200000,0.800000,cat,1,1,1,1,2523136,2613248,90112,584011005952,584011005952,0,584011005952,584011005952,0,-1,-1,-1
6800,4,1700,1,4,4,176803.058917,176803.086527,0.027610,0x405030,1,372,87,285,40,100.000000,1,1,0.057384,1.200000,0.800000,cat,14,7ffe,1,1,33701888,33701888,0,462488485888,462488485888,0,462488485888,462488485888,0,-1,-1,-1
6800,4,1700,2,4,4,176803.036830,176803.064815,0.027985,0x405030,1,380,118,262,48,100.000000,1,1,0.057384,1.200000,0.800000,cat,14,7ffe,1,1,30547968,30638080,90112,459912003584,459912003584,0,459912003584,459912003584,0,-1,-1,-1
6800,4,1700,3,4,4,176803.049634,176803.070094,0.020460,0x405030,1,212,148,64,56,100.000000,1,1,0.057384,1.200000,0.800000,cat,1,1,1,1,1802240,1802240,0,672353026048,672353026048,0,672353026048,672353026048,0,-1,-1,-1
6801,5,1700,0,4,4,176803.157571,176803.179616,0.022045,0x405097,1,55,18,37,0,100.000000,1,1,0.049084,1.200000,0.800000,cat,1,1,1,1,2523136,2523136,0,584011186176,584011186176,0,584011186176,584011186176,0,-1,-1,-1
6801,5,1700,1,4,4,176803.171412,176803.206655,0.035243,0x405097,1,1617,438,1179,40,100.000000,1,1,0.049084,1.200000,0.800000,cat,14,7ffe,1,1,33611776,33521664,-90112,462488485888,462488666112,180224,462488485888,462488666112,180224,-1,-1,-1
6801,5,1700,2,4,4,176803.160109,176803.193555,0.033446,0x405097,1,1650,371,1279,48,100.000000,1,1,0.049084,1.200000,0.800000,cat,14,7ffe,1,1,30728192,30728192,0,459912093696,459912093696,0,459912093696,459912093696,0,-1,-1,-1
6801,5,1700,3,4,4,176803.163295,176803.185057,0.021762,0x405097,1,207,49,158,56,100.000000,1,1,0.049084,1.200000,0.800000,cat,1,1,1,1,1892352,1802240,-90112,672353026048,672353026048,0,672353026048,672353026048,0,-1,-1,-1
7198,2,1800,0,4,4,187113.109514,187217.185982,36.924469,0x404f28,1,6127043,4770777,1356266,32,100.000000,1,1,104.655027,1.200000,0.800000,cat,1,1,1,1,3063808,2162688,270336,617861939200,618202923008,340533248,617861939200,618202923008,340533248,-1,-1,-1
7198,2,1800,1,4,4,187113.106280,187217.758710,101.961314,0x404f28,1,19113606,2324962,16788644,40,100.000000,1,1,104.655027,1.200000,0.800000,cat,14,7ffe,1,1,33521664,32980992,270336,488155717632,488382259200,226451456,488155717632,488382259200,226451456,-1,-1,-1
7198,2,1800,2,4,4,187113.103855,187217.701311,100.177271,0x404f28,1,19117924,2303059,16814865,48,100.000000,1,1,104.655027,1.200000,0.800000,cat,14,7ffe,1,1,30908416,30818304,1081344,485168234496,485443256320,274751488,485168234496,485443256320,274751488,-1,-1,-1
7198,2,1800,3,4,4,187113.103683,187217.164152,37.378639,0x404f28,1,7473209,5346034,2127175,56,100.000000,1,1,104.655027,1.200000,0.800000,cat,1,1,1,1,1982464,1802240,811008,711609147392,712009334784,400187392,711609147392,712009334784,400187392,-1,-1,-1
7199,3,1800,0,4,4,187217.907889,187218.050425,0.142536,0x404f80,1,7556,4991,2565,32,100.000000,1,1,0.249600,1.200000,0.800000,cat,1,1,1,1,2342912,2342912,0,618203373568,618203463680,90112,618203373568,618203463680,90112,-1,-1,-1
7199,3,1800,1,4,4,187217.873503,187218.093154,0.219651,0x404f80,1,19490,2799,16691,40,100.000000,1,1,0.249600,1.200000,0.800000,cat,14,7ffe,1,1,32980992,33071104,90112,488382349312,488382529536,180224,488382349312,488382529536,180224,-1,-1,-1
7199,3,1800,2,4,4,187217.899844,187218.123103,0.223259,0x404f80,1,19561,2920,16641,48,100.000000,1,1,0.249600,1.200000,0.800000,cat,14,7ffe,1,1,30818304,30728192,-90112,485443256320,485443346432,90112,485443256320,485443346432,90112,-1,-1,-1
7199,3,1800,3,4,4,187217.885946,187218.037313,0.151367,0x404f80,1,7850,4916,2934,56,100.000000,1,1,0.249600,1.200000,0.800000,cat,1,1,1,1,1802240,1622016,-180224,712009334784,712009605120,270336,712009334784,712009605120,270336,-1,-1,-1
7200,4,1800,0,4,4,187218.240154,187218.263979,0.023825,0x405030,1,629,452,177,32,100.000000,1,1,0.053554,1.200000,0.800000,cat,1,1,1,1,2883584,2883584,0,618204274688,618204274688,0,618204274688,618204274688,0,-1,-1,-1
7200,4,1800,1,4,4,187218.265464,187218.293708,0.028244,0x405030,1,436,106,330,40,100.000000,1,1,0.053554,1.200000,0.800000,cat,14,7ffe,1,1,33071104,33161216,90112,488382529536,488382529536,0,488382529536,488382529536,0,-1,-1,-1
7200,4,1800,2,4,4,187218.259468,187218.288835,0.029367,0x405030,1,362,110,252,48,100.000000,1,1,0.053554,1.200000,0.800000,cat,14,7ffe,1,1,30728192,30728192,0,485443346432,485443346432,0,485443346432,485443346432,0,-1,-1,-1
7200,4,1800,3,4,4,187218.245586,187218.266426,0.020840,0x405030,1,215,133,82,56,100.000000,1,1,0.053554,1.200000,0.800000,cat,1,1,1,1,1531904,1622016,90112,712009695232,712009695232,0,712009695232,712009695232,0,-1,-1,-1
7201,5,1800,0,4,4,187218.372990,187218.395402,0.022412,0x405097,1,42,10,32,32,100.000000,1,1,0.042416,1.200000,0.800000,cat,1,1,1,1,2883584,2973696,90112,618204274688,618204364800,90112,618204274688,618204364800,90112,-1,-1,-1
7201,5,1800,1,4,4,187218.375693,187218.409407,0.033714,0x405097,1,1975,593,1382,40,100.000000,1,1,0.042416,1.200000,0.800000,cat,14,7ffe,1,1,33161216,32980992,-180224,488382619648,488382799872,180224,488382619648,488382799872,180224,-1,-1,-1
7201,5,1800,2,4,4,187218.381453,187218.415406,0.033953,0x405097,1,1409,247,1162,48,100.000000,1,1,0.042416,1.200000,0.800000,cat,14,7ffe,1,1,30728192,30908416,180224,485443346432,485443346432,0,485443346432,485443346432,0,-1,-1,-1
7201,5,1800,3,4,4,187218.378428,187218.399982,0.021554,0x405097,1,213,42,171,56,100.000000,1,1,0.042416,1.200000,0.800000,cat,1,1,1,1,1622016,1531904,-90112,712009695232,712009695232,0,712009695232,712009695232,0,-1,-1,-1
7598,2,1900,0,4,4,197359.376195,197461.005007,36.389822,0x404f28,1,6088775,4716475,1372300,32,100.000000,1,1,102.184491,1.200000,0.800000,cat,1,1,1,1,2793472,1982464,270336,651625373696,651966177280,340262912,651625373696,651966177280,340353024,-1,-1,-1
7598,2,1900,1,4,4,197359.374382,197461.557078,99.366383,0x404f28,1,18951320,2244840,16706480,40,100.000000,1,1,102.184491,1.200000,0.800000,cat,14,7ffe,1,1,32350208,32440320,450560,512877854720,513120976896,243122176,512877854720,513120976896,243122176,-1,-1,-1
7598,2,1900,2,4,4,197359.372587,197461.487574,98.609261,0x404f28,1,18956130,2234989,16721141,48,100.000000,1,1,102.184491,1.200000,0.800000,cat,14,7ffe,1,1,32079872,31539200,1171456,510041038848,510282989568,241680384,510041038848,510282989568,241680384,-1,-1,-1
7598,2,1900,3,4,4,197359.382674,197460.983518,37.009985,0x404f28,1,7433838,5311267,2122571,56,100.000000,1,1,102.184491,1.200000,0.800000,cat,1,1,1,1,1982464,1892352,901120,750981152768,751378366464,396943360,750981152768,751378366464,396943360,-1,-1,-1
7599,3,1900,0,4,4,197461.666745,197461.812310,0.145565,0x404f80,1,7320,4670,2650,32,100.000000,1,1,0.255602,1.200000,0.800000,cat,1,1,1,1,2162688,1982464,-180224,651966537728,651966717952,180224,651966537728,651966717952,180224,-1,-1,-1
7599,3,1900,1,4,4,197461.703104,197461.922347,0.219243,0x404f80,1,19350,2810,16540,40,100.000000,1,1,0.255602,1.200000,0.800000,cat,14,7ffe,1,1,32530432,32440320,-90112,513120976896,513121247232,270336,513120976896,513121247232,270336,-1,-1,-1
7599,3,1900,2,4,4,197461.679391,197461.899782,0.220391,0x404f80,1,19482,2778,16704,48,100.000000,1,1,0.255602,1.200000,0.800000,cat,14,7ffe,1,1,31539200,31809536,270336,510283079680,510283169792,90112,510283079680,510283169792,90112,-1,-1,-1
7599,3,1900,3,4,4,197461.692777,197461.845017,0.152240,0x404f80,1,7822,5132,2690,56,100.000000,1,1,0.255602,1.200000,0.800000,cat,1,1,1,1,1982464,2162688,180224,751378366464,751378456576,90112,751378366464,751378456576,90112,-1,-1,-1
7600,4,1900,0,4,4,197462.033119,197462.056276,0.023157,0x405030,1,584,412,172,32,100.000000,1,1,0.052789,1.200000,0.800000,cat,1,1,1,1,2072576,2162688,90112,651967438848,651967438848,0,651967438848,651967438848,0,-1,-1,-1
7600,4,1900,1,4,4,197462.057798,197462.085908,0.028110,0x405030,1,349,65,284,40,100.000000,1,1,0.052789,1.200000,0.800000,cat,14,7ffe,1,1,32440320,32440320,0,513121247232,513121247232,0,513121247232,513121247232,0,-1,-1,-1
7600,4,1900,2,4,4,197462.051720,197462.080331,0.028611,0x405030,1,419,129,290,48,100.000000,1,1,0.052789,1.200000,0.800000,cat,14,7ffe,1,1,31809536,31809536,0,510283169792,510283169792,0,510283169792,510283169792,0,-1,-1,-1
7600,4,1900,3,4,4,197462.039709,197462.059853,0.020144,0x405030,1,181,115,66,56,100.000000,1,1,0.052789,1.200000,0.800000,cat,1,1,1,1,2162688,2252800,90112,751378456576,751378456576,0,751378456576,751378456576,0,-1,-1,-1
7601,5,1900,0,4,4,197462.184162,197462.205468,0.021306,0x405097,1,33,5,28,32,100.000000,1,1,0.053273,1.200000,0.800000,cat,1,1,1,1,2342912,2523136,180224,651967438848,651967528960,90112,651967438848,651967528960,90112,-1,-1,-1
7601,5,1900,1,4,4,197462.171868,197462.205561,0.033693,0x405097,1,1505,273,1232,40,100.000000,1,1,0.053273,1.200000,0.800000,cat,14,7ffe,1,1,32440320,32440320,0,513121247232,513121337344,90112,513121247232,513121337344,90112,-1,-1,-1
7601,5,1900,2,4,4,197462.163930,197462.197303,0.033373,0x405097,1,1507,283,1224,48,100.000000,1,1,0.053273,1.200000,0.800000,cat,14,7ffe,1,1,31809536,31809536,0,510283259904,510283259904,0,510283259904,510283259904,0,-1,-1,-1
7601,5,1900,3,4,4,197462.152288,197462.173278,0.020990,0x405097,1,210,44,166,56,100.000000,1,1,0.053273,1.200000,0.800000,cat,1,1,1,1,2252800,2252800,0,751378456576,751378456576,0,751378456576,751378456576,0,-1,-1,-1
7998,2,2000,0,4,4,207552.476263,207654.757020,36.649394,0x404f28,1,6092021,4728744,1363277,32,100.000000,1,1,102.851734,1.200000,0.800000,cat,1,1,1,1,3063808,2342912,180224,685532266496,685867393024,334766080,685532266496,685867393024,334766080,-1,-1,-1
7998,2,2000,1,4,4,207552.469648,207655.316108,100.175447,0x404f28,1,18923746,2255508,16668238,40,100.000000,1,1,102.851734,1.200000,0.800000,cat,14,7ffe,1,1,32620544,32620544,630784,537063014400,537304784896,241500160,537063014400,537304784896,241590272,-1,-1,-1
7998,2,2000,2,4,4,207552.473194,207655.246475,99.169972,0x404f28,1,18925040,2236691,16688349,48,100.000000,1,1,102.851734,1.200000,0.800000,cat,14,7ffe,1,1,31539200,30908416,540672,534983409664,535235002368,251502592,534983409664,535235002368,251502592,-1,-1,-1
7998,2,2000,3,4,4,207552.464374,207654.732775,37.124917,0x404f28,1,7435234,5311285,2123949,56,100.000000,1,1,102.851734,1.200000,0.800000,cat,1,1,1,1,2072576,1892352,991232,789937201152,790336847872,398835712,789937201152,790336847872,399015936,-1,-1,-1
7999,3,2000,0,4,4,207655.434616,207655.573985,0.139369,0x404f80,1,7398,4691,2707,32,100.000000,1,1,0.246009,1.200000,0.800000,cat,1,1,1,1,2433024,2433024,0,685867753472,685867843584,90112,685867753472,685867843584,90112,-1,-1,-1
7999,3,2000,1,4,4,207655.442629,207655.661460,0.218831,0x404f80,1,19307,2798,16509,40,100.000000,1,1,0.246009,1.200000,0.800000,cat,14,7ffe,1,1,32710656,33161216,450560,537304875008,537305145344,270336,537304875008,537305145344,270336,-1,-1,-1
7999,3,2000,2,4,4,207655.456772,207655.680625,0.223853,0x404f80,1,19418,2949,16469,48,100.000000,1,1,0.246009,1.200000,0.800000,cat,14,7ffe,1,1,30908416,31088640,180224,535235002368,535235002368,0,535235002368,535235002368,0,-1,-1,-1
7999,3,2000,3,4,4,207655.462908,207655.609285,0.146377,0x404f80,1,7787,4958,2829,56,100.000000,1,1,0.246009,1.200000,0.800000,cat,1,1,1,1,1892352,1802240,-90112,790336847872,790336847872,0,790336847872,790336847872,0,-1,-1,-1
8000,4,2000,0,4,4,207655.801456,207655.824715,0.023259,0x405030,1,632,437,195,32,100.000000,1,1,0.052809,1.200000,0.800000,cat,1,1,1,1,2433024,2523136,90112,685868834816,685868834816,0,685868834816,685868834816,0,-1,-1,-1
8000,4,2000,1,4,4,207655.825169,207655.854265,0.029096,0x405030,1,337,80,257,40,100.000000,1,1,0.052809,1.200000,0.800000,cat,14,7ffe,1,1,33161216,33161216,0,537305145344,537305145344,0,537305145344,537305145344,0,-1,-1,-1
8000,4,2000,2,4,4,207655.818018,207655.846908,0.028890,0x405030,1,359,99,260,48,100.000000,1,1,0.052809,1.200000,0.800000,cat,14,7ffe,1,1,31088640,31088640,0,535235002368,535235002368,0,535235002368,535235002368,0,-1,-1,-1
8000,4,2000,3,4,4,207655.803902,207655.824562,0.020660,0x405030,1,207,145,62,56,100.000000,1,1,0.052809,1.200000,0.800000,cat,1,1,1,1,1712128,1622016,-90112,790336847872,790336847872,0,790336847872,790336847872,0,-1,-1,-1
8001,5,2000,0,4,4,207655.926450,207655.948175,0.021725,0x405097,1,30,10,20,32,100.000000,1,1,0.043327,1.200000,0.800000,cat,1,1,1,1,2613248,2793472,180224,685868834816,685868924928,90112,685868834816,685868924928,90112,-1,-1,-1
8001,5,2000,1,4,4,207655.930082,207655.964798,0.034716,0x405097,1,1953,630,1323,40,100.000000,1,1,0.043327,1.200000,0.800000,cat,14,7ffe,1,1,33161216,33071104,-90112,537305145344,537305325568,180224,537305145344,537305325568,180224,-1,-1,-1
8001,5,2000,2,4,4,207655.935896,207655.969777,0.033881,0x405097,1,1456,255,1201,48,100.000000,1,1,0.043327,1.200000,0.800000,cat,14,7ffe,1,1,31088640,31088640,0,535235002368,535235002368,0,535235002368,535235002368,0,-1,-1,-1
8001,5,2000,3,4,4,207655.931887,207655.952987,0.021100,0x405097,1,227,51,176,56,100.000000,1,1,0.043327,1.200000,0.800000,cat,1,1,1,1,1531904,1441792,-90112,790336937984,790336937984,0,790336937984,790336937984,0,-1,-1,-1
