parallel_id,region_id,region_exec,thread_id,team_size,requested_threads,start_ms,end_ms,elapsed_ms,codeptr,cpu_id,target_mb_percent,resource_applied,resctrl_enabled,region_wall_ms,resctrl_enable_ms,resctrl_disable_ms,resource_kind,target_l3_ways,target_l3_mask,mon_valid,mon_l3_domains,mon_start_llc_occupancy_bytes,mon_end_llc_occupancy_bytes,mon_llc_occupancy_delta_bytes,mon_start_mbm_total_bytes,mon_end_mbm_total_bytes,mon_mbm_total_delta_bytes,mon_start_mbm_local_bytes,mon_end_mbm_local_bytes,mon_mbm_local_delta_bytes,mon_start_mbm_remote_bytes,mon_end_mbm_remote_bytes,mon_mbm_remote_delta_bytes
398,2,100,0,4,4,30774.078862,31087.358427,165.668423,0x4055d2,32,100.000000,1,1,313.886336,1.200000,0.800000,cat,1,1,1,1,2973696,1802240,-360448,47145066496,47626084352,479666176,47145066496,47626084352,479485952,-1,-1,-1
398,2,100,1,4,4,30774.064137,31087.949667,309.937633,0x4055d2,40,100.000000,1,1,313.886336,1.200000,0.800000,cat,14,7ffe,1,1,30728192,30367744,-90112,20379279360,20584194048,204914688,20379279360,20584194048,204914688,-1,-1,-1
398,2,100,2,4,4,30774.063573,31087.890526,308.739706,0x4055d2,48,100.000000,1,1,313.886336,1.200000,0.800000,cat,14,7ffe,1,1,29917184,29736960,3063808,24533893120,24792604672,258260992,24533893120,24792604672,258260992,-1,-1,-1
398,2,100,3,4,4,30774.063331,31087.347352,159.980532,0x4055d2,56,100.000000,1,1,313.886336,1.200000,0.800000,cat,1,1,1,1,1802240,1622016,1531904,49243684864,49751556096,507150336,49243774976,49751556096,507060224,-1,-1,-1
399,3,100,0,4,4,31088.120242,31088.431054,0.310812,0x405623,32,100.000000,1,1,0.397370,1.200000,0.800000,cat,1,1,1,1,1982464,2342912,360448,47626625024,47627796480,1171456,47626625024,47627796480,1171456,-1,-1,-1
399,3,100,1,4,4,31088.101504,31088.466860,0.365356,0x405623,40,100.000000,1,1,0.397370,1.200000,0.800000,cat,14,7ffe,1,1,30457856,30547968,90112,20584284160,20584734720,450560,20584284160,20584734720,450560,-1,-1,-1
399,3,100,2,4,4,31088.120051,31088.488903,0.368852,0x405623,48,100.000000,1,1,0.397370,1.200000,0.800000,cat,14,7ffe,1,1,29917184,30007296,90112,24792694784,24793325568,630784,24792694784,24793325568,630784,-1,-1,-1
399,3,100,3,4,4,31088.091533,31088.388938,0.297405,0x405623,56,100.000000,1,1,0.397370,1.200000,0.800000,cat,1,1,1,1,1622016,1441792,-180224,49751556096,49753448448,1892352,49751556096,49753448448,1892352,-1,-1,-1
400,4,100,0,4,4,31088.593751,31088.620829,0.027078,0x4056d3,32,100.000000,1,1,0.069797,1.200000,0.800000,cat,1,1,1,1,2703360,2793472,90112,47628787712,47628787712,0,47628787712,47628787712,0,-1,-1,-1
400,4,100,1,4,4,31088.609435,31088.649542,0.040107,0x4056d3,40,100.000000,1,1,0.069797,1.200000,0.800000,cat,14,7ffe,1,1,30457856,30638080,180224,20584734720,20584824832,90112,20584734720,20584824832,90112,-1,-1,-1
400,4,100,2,4,4,31088.624308,31088.663548,0.039240,0x4056d3,48,100.000000,1,1,0.069797,1.200000,0.800000,cat,14,7ffe,1,1,30097408,30097408,0,24793325568,24793325568,0,24793325568,24793325568,0,-1,-1,-1
400,4,100,3,4,4,31088.617700,31088.651916,0.034216,0x4056d3,56,100.000000,1,1,0.069797,1.200000,0.800000,cat,1,1,1,1,1441792,1531904,90112,49753448448,49753448448,0,49753448448,49753448448,0,-1,-1,-1
401,5,100,0,4,4,31088.731693,31088.752029,0.020336,0x40573a,32,100.000000,1,1,0.053059,1.200000,0.800000,cat,1,1,1,1,2703360,2793472,90112,47628787712,47628787712,0,47628787712,47628787712,0,-1,-1,-1
401,5,100,1,4,4,31088.734149,31088.767961,0.033812,0x40573a,40,100.000000,1,1,0.053059,1.200000,0.800000,cat,14,7ffe,1,1,30728192,30728192,0,20584824832,20584824832,0,20584824832,20584824832,0,-1,-1,-1
401,5,100,2,4,4,31088.750445,31088.784752,0.034307,0x40573a,48,100.000000,1,1,0.053059,1.200000,0.800000,cat,14,7ffe,1,1,30097408,30277632,180224,24793325568,24793325568,0,24793325568,24793325568,0,-1,-1,-1
401,5,100,3,4,4,31088.747461,31088.767508,0.020047,0x40573a,56,100.000000,1,1,0.053059,1.200000,0.800000,cat,1,1,1,1,1531904,1531904,0,49753448448,49753448448,0,49753448448,49753448448,0,-1,-1,-1
798,2,200,0,4,4,62265.307957,62580.858371,163.715058,0x4055d2,0,100.000000,1,1,316.154609,1.200000,0.800000,cat,1,1,1,1,2883584,1712128,180224,94155505664,94617600000,461553664,94155505664,94617600000,461643776,-1,-1,-1
798,2,200,1,4,4,62265.312764,62581.457568,312.730201,0x4055d2,40,100.000000,1,1,316.154609,1.200000,0.800000,cat,14,7ffe,1,1,31268864,30728192,360448,41205334016,41417097216,211673088,41205334016,41417097216,211673088,-1,-1,-1
798,2,200,2,4,4,62265.302959,62581.405320,311.522277,0x4055d2,48,100.000000,1,1,316.154609,1.200000,0.800000,cat,14,7ffe,1,1,30187520,29376512,2793472,50008465408,50255822848,247177216,50008465408,50255822848,247177216,-1,-1,-1
798,2,200,3,4,4,62265.309439,62580.851747,162.973219,0x4055d2,56,100.000000,1,1,316.154609,1.200000,0.800000,cat,1,1,1,1,1261568,1802240,1802240,99812466688,100316733440,504086528,99812466688,100316733440,504086528,-1,-1,-1
799,3,200,0,4,4,62581.621649,62581.933185,0.311536,0x405623,0,100.000000,1,1,0.402990,1.200000,0.800000,cat,1,1,1,1,2072576,2252800,180224,94617870336,94619402240,1531904,94617960448,94619402240,1441792,-1,-1,-1
799,3,200,1,4,4,62581.598913,62581.969075,0.370162,0x405623,40,100.000000,1,1,0.402990,1.200000,0.800000,cat,14,7ffe,1,1,30728192,30818304,90112,41417097216,41417457664,360448,41417097216,41417457664,360448,-1,-1,-1
799,3,200,2,4,4,62581.621104,62581.982815,0.361711,0x405623,48,100.000000,1,1,0.402990,1.200000,0.800000,cat,14,7ffe,1,1,29286400,29827072,540672,50255822848,50256453632,630784,50255822848,50256453632,630784,-1,-1,-1
799,3,200,3,4,4,62581.579825,62581.874507,0.294682,0x405623,56,100.000000,1,1,0.402990,1.200000,0.800000,cat,1,1,1,1,1892352,1982464,90112,100316733440,100318625792,1892352,100316733440,100318625792,1892352,-1,-1,-1
800,4,200,0,4,4,62582.089925,62582.117064,0.027139,0x4056d3,0,100.000000,1,1,0.060303,1.200000,0.800000,cat,1,1,1,1,2433024,2433024,0,94620033024,94620033024,0,94620033024,94620033024,0,-1,-1,-1
800,4,200,1,4,4,62582.097923,62582.137219,0.039296,0x4056d3,40,100.000000,1,1,0.060303,1.200000,0.800000,cat,14,7ffe,1,1,30728192,30728192,0,41417457664,41417547776,90112,41417457664,41417547776,90112,-1,-1,-1
800,4,200,2,4,4,62582.111369,62582.150228,0.038859,0x4056d3,48,100.000000,1,1,0.060303,1.200000,0.800000,cat,14,7ffe,1,1,30007296,30007296,0,50256453632,50256453632,0,50256453632,50256453632,0,-1,-1,-1
800,4,200,3,4,4,62582.105351,62582.136524,0.031173,0x4056d3,56,100.000000,1,1,0.060303,1.200000,0.800000,cat,1,1,1,1,2072576,2162688,90112,100318625792,100318715904,90112,100318625792,100318715904,90112,-1,-1,-1
801,5,200,0,4,4,62582.235510,62582.256602,0.021092,0x40573a,0,100.000000,1,1,0.048683,1.200000,0.800000,cat,1,1,1,1,2433024,2433024,0,94620123136,94620123136,0,94620123136,94620123136,0,-1,-1,-1
801,5,200,1,4,4,62582.225360,62582.256657,0.031297,0x40573a,40,100.000000,1,1,0.048683,1.200000,0.800000,cat,14,7ffe,1,1,30728192,30818304,90112,41417547776,41417547776,0,41417547776,41417547776,0,-1,-1,-1
801,5,200,2,4,4,62582.239010,62582.271900,0.032890,0x40573a,48,100.000000,1,1,0.048683,1.200000,0.800000,cat,14,7ffe,1,1,29917184,29917184,0,50256453632,50256453632,0,50256453632,50256453632,0,-1,-1,-1
801,5,200,3,4,4,62582.223217,62582.242971,0.019754,0x40573a,56,100.000000,1,1,0.048683,1.200000,0.800000,cat,1,1,1,1,2162688,2162688,0,100318715904,100318715904,0,100318715904,100318806016,90112,-1,-1,-1
1198,2,300,0,4,4,93846.760498,94161.993475,171.106942,0x4055d2,0,100.000000,1,1,315.835846,1.200000,0.800000,cat,1,1,1,1,2613248,1441792,0,141372301312,141845389312,472637440,141372301312,141845389312,472637440,-1,-1,-1
1198,2,300,1,4,4,93846.760175,94162.596021,312.769590,0x4055d2,40,100.000000,1,1,315.835846,1.200000,0.800000,cat,14,7ffe,1,1,31178752,30908416,450560,62845009920,63053979648,208879616,62845009920,63053979648,208879616,-1,-1,-1
1198,2,300,2,4,4,93846.767786,94162.530854,311.359985,0x4055d2,48,100.000000,1,1,315.835846,1.200000,0.800000,cat,14,7ffe,1,1,30097408,29736960,2613248,74641932288,74888028160,246095872,74641932288,74888028160,246095872,-1,-1,-1
1198,2,300,3,4,4,93846.760718,94161.989494,163.255778,0x4055d2,56,100.000000,1,1,315.835846,1.200000,0.800000,cat,1,1,1,1,1531904,2072576,2433024,150573277184,151082409984,508862464,150573277184,151082409984,508862464,-1,-1,-1
1199,3,300,0,4,4,94162.734216,94163.043203,0.308987,0x405623,0,100.000000,1,1,0.410925,1.200000,0.800000,cat,1,1,1,1,1712128,2072576,360448,141845479424,141846740992,1261568,141845479424,141846740992,1261568,-1,-1,-1
1199,3,300,1,4,4,94162.709931,94163.080994,0.371063,0x405623,40,100.000000,1,1,0.410925,1.200000,0.800000,cat,14,7ffe,1,1,30908416,31178752,270336,63053979648,63054340096,360448,63053979648,63054340096,360448,-1,-1,-1
1199,3,300,2,4,4,94162.748247,94163.120856,0.372609,0x405623,48,100.000000,1,1,0.410925,1.200000,0.800000,cat,14,7ffe,1,1,29827072,30097408,270336,74888028160,74888749056,720896,74888028160,74888749056,720896,-1,-1,-1
1199,3,300,3,4,4,94162.719303,94163.018900,0.299597,0x405623,56,100.000000,1,1,0.410925,1.200000,0.800000,cat,1,1,1,1,1982464,1802240,-180224,151082500096,151084392448,1892352,151082500096,151084392448,1892352,-1,-1,-1
1200,4,300,0,4,4,94163.235304,94163.270184,0.034880,0x4056d3,0,100.000000,1,1,0.065744,1.200000,0.800000,cat,1,1,1,1,2342912,2433024,90112,141847371776,141847642112,270336,141847461888,141847642112,180224,-1,-1,-1
1200,4,300,1,4,4,94163.262311,94163.301048,0.038737,0x4056d3,40,100.000000,1,1,0.065744,1.200000,0.800000,cat,14,7ffe,1,1,31178752,31178752,0,63054340096,63054430208,90112,63054340096,63054430208,90112,-1,-1,-1
1200,4,300,2,4,4,94163.256563,94163.296372,0.039809,0x4056d3,48,100.000000,1,1,0.065744,1.200000,0.800000,cat,14,7ffe,1,1,30097408,30367744,270336,74888749056,74888749056,0,74888749056,74888749056,0,-1,-1,-1
1200,4,300,3,4,4,94163.244664,94163.272626,0.027962,0x4056d3,56,100.000000,1,1,0.065744,1.200000,0.800000,cat,1,1,1,1,1712128,1712128,0,151084482560,151084482560,0,151084482560,151084482560,0,-1,-1,-1
1201,5,300,0,4,4,94163.393609,94163.414216,0.020607,0x40573a,0,100.000000,1,1,0.038945,1.200000,0.800000,cat,1,1,1,1,2433024,2523136,90112,141847642112,141847642112,0,141847642112,141847642112,0,-1,-1,-1
1201,5,300,1,4,4,94163.386028,94163.418657,0.032629,0x40573a,40,100.000000,1,1,0.038945,1.200000,0.800000,cat,14,7ffe,1,1,31178752,31358976,180224,63054430208,63054430208,0,63054430208,63054430208,0,-1,-1,-1
1201,5,300,2,4,4,94163.380272,94163.413639,0.033367,0x40573a,48,100.000000,1,1,0.038945,1.200000,0.800000,cat,14,7ffe,1,1,30457856,30638080,180224,74888749056,74888749056,0,74888749056,74888749056,0,-1,-1,-1
1201,5,300,3,4,4,94163.399549,94163.419217,0.019668,0x40573a,56,100.000000,1,1,0.038945,1.200000,0.800000,cat,1,1,1,1,1712128,1622016,-90112,151084482560,151084572672,90112,151084482560,151084572672,90112,-1,-1,-1
1598,2,400,0,4,4,125266.680248,125578.259945,165.734579,0x4055d2,32,100.000000,1,1,312.194794,1.200000,0.800000,cat,1,1,1,1,2793472,1802240,-360448,188684255232,189155180544,469934080,188684255232,189155180544,469934080,-1,-1,-1
1598,2,400,1,4,4,125266.667909,125578.853427,309.401505,0x4055d2,40,100.000000,1,1,312.194794,1.200000,0.800000,cat,14,7ffe,1,1,30728192,30908416,450560,83951583232,84148387840,196804608,83951583232,84148387840,196804608,-1,-1,-1
1598,2,400,2,4,4,125266.666778,125578.797750,307.871001,0x4055d2,48,100.000000,1,1,312.194794,1.200000,0.800000,cat,14,7ffe,1,1,30007296,29466624,2342912,99709558784,99968000000,258351104,99709558784,99968000000,258351104,-1,-1,-1
1598,2,400,3,4,4,125266.658633,125578.241881,159.895004,0x4055d2,56,100.000000,1,1,312.194794,1.200000,0.800000,cat,1,1,1,1,1802240,1802240,1892352,201300566016,201808076800,507240448,201300566016,201808076800,507240448,-1,-1,-1
1599,3,400,0,4,4,125579.000006,125579.314439,0.314433,0x405623,32,100.000000,1,1,0.395445,1.200000,0.800000,cat,1,1,1,1,1802240,2162688,360448,189155540992,189156712448,1171456,189155540992,189156712448,1171456,-1,-1,-1
1599,3,400,1,4,4,125578.966339,125579.335227,0.368888,0x405623,40,100.000000,1,1,0.395445,1.200000,0.800000,cat,14,7ffe,1,1,30908416,30638080,-270336,84148387840,84148658176,270336,84148387840,84148658176,270336,-1,-1,-1
1599,3,400,2,4,4,125578.988580,125579.361784,0.373204,0x405623,48,100.000000,1,1,0.395445,1.200000,0.800000,cat,14,7ffe,1,1,29466624,30007296,540672,99968000000,99968360448,360448,99968000000,99968360448,360448,-1,-1,-1
1599,3,400,3,4,4,125578.992335,125579.290655,0.298320,0x405623,56,100.000000,1,1,0.395445,1.200000,0.800000,cat,1,1,1,1,1892352,1441792,-450560,201808076800,201810149376,2072576,201808076800,201810149376,2072576,-1,-1,-1
1600,4,400,0,4,4,125579.472203,125579.503896,0.031693,0x4056d3,32,100.000000,1,1,0.067230,1.200000,0.800000,cat,1,1,1,1,2703360,2703360,0,189157613568,189157613568,0,189157613568,189157613568,0,-1,-1,-1
1600,4,400,1,4,4,125579.499005,125579.539433,0.040428,0x4056d3,40,100.000000,1,1,0.067230,1.200000,0.800000,cat,14,7ffe,1,1,30638080,30638080,0,84148658176,84148748288,90112,84148658176,84148748288,90112,-1,-1,-1
1600,4,400,2,4,4,125579.493058,125579.533059,0.040001,0x4056d3,48,100.000000,1,1,0.067230,1.200000,0.800000,cat,14,7ffe,1,1,30187520,30277632,90112,99968450560,99968450560,0,99968450560,99968450560,0,-1,-1,-1
1600,4,400,3,4,4,125579.481174,125579.509739,0.028565,0x4056d3,56,100.000000,1,1,0.067230,1.200000,0.800000,cat,1,1,1,1,1441792,1622016,180224,201810149376,201810149376,0,201810149376,201810149376,0,-1,-1,-1
1601,5,400,0,4,4,125579.603870,125579.624433,0.020563,0x40573a,32,100.000000,1,1,0.058465,1.200000,0.800000,cat,1,1,1,1,2703360,2793472,90112,189157703680,189157703680,0,189157703680,189157703680,0,-1,-1,-1
1601,5,400,1,4,4,125579.621117,125579.652359,0.031242,0x40573a,40,100.000000,1,1,0.058465,1.200000,0.800000,cat,14,7ffe,1,1,30638080,30818304,180224,84148748288,84148748288,0,84148748288,84148748288,0,-1,-1,-1
1601,5,400,2,4,4,125579.628295,125579.662335,0.034040,0x40573a,48,100.000000,1,1,0.058465,1.200000,0.800000,cat,14,7ffe,1,1,30187520,30277632,90112,99968540672,99968540672,0,99968540672,99968540672,0,-1,-1,-1
1601,5,400,3,4,4,125579.613830,125579.634104,0.020274,0x40573a,56,100.000000,1,1,0.058465,1.200000,0.800000,cat,1,1,1,1,1531904,1531904,0,201810149376,201810239488,90112,201810149376,201810239488,90112,-1,-1,-1
1998,2,500,0,4,4,156911.066515,157234.283047,164.118491,0x4055d2,0,100.000000,1,1,323.837428,1.200000,0.800000,cat,1,1,1,1,2613248,1982464,-90112,235983953920,236451004416,466059264,235983953920,236451004416,465969152,-1,-1,-1
1998,2,500,1,4,4,156911.048062,157234.881339,322.012107,0x4055d2,40,100.000000,1,1,323.837428,1.200000,0.800000,cat,14,7ffe,1,1,30818304,30367744,180224,105253789696,105474203648,220413952,105253789696,105474203648,220413952,-1,-1,-1
1998,2,500,2,4,4,156911.051737,157234.810041,315.494070,0x4055d2,48,100.000000,1,1,323.837428,1.200000,0.800000,cat,14,7ffe,1,1,30277632,30187520,3424256,124570288128,124815032320,244383744,124570288128,124815032320,244383744,-1,-1,-1
1998,2,500,3,4,4,156911.043911,157234.278594,162.745393,0x4055d2,56,100.000000,1,1,323.837428,1.200000,0.800000,cat,1,1,1,1,1802240,2072576,1712128,252081651712,252591865856,510033920,252081651712,252591865856,510033920,-1,-1,-1
1999,3,500,0,4,4,157235.027791,157235.339924,0.312133,0x405623,0,100.000000,1,1,0.401788,1.200000,0.800000,cat,1,1,1,1,2162688,2523136,360448,236451454976,236452806656,1351680,236451454976,236452806656,1351680,-1,-1,-1
1999,3,500,1,4,4,157234.994677,157235.361712,0.367035,0x405623,40,100.000000,1,1,0.401788,1.200000,0.800000,cat,14,7ffe,1,1,30367744,30547968,180224,105474203648,105474654208,450560,105474203648,105474654208,450560,-1,-1,-1
1999,3,500,2,4,4,157235.027682,157235.396465,0.368783,0x405623,48,100.000000,1,1,0.401788,1.200000,0.800000,cat,14,7ffe,1,1,30547968,30728192,180224,124815032320,124815482880,450560,124815032320,124815482880,450560,-1,-1,-1
1999,3,500,3,4,4,157235.003125,157235.300142,0.297017,0x405623,56,100.000000,1,1,0.401788,1.200000,0.800000,cat,1,1,1,1,2072576,1982464,-90112,252591955968,252594028544,2072576,252591955968,252594028544,2072576,-1,-1,-1
2000,4,500,0,4,4,157235.505826,157235.536005,0.030179,0x4056d3,0,100.000000,1,1,0.042693,1.200000,0.800000,cat,1,1,1,1,2793472,2793472,0,236453617664,236453617664,0,236453617664,236453617664,0,-1,-1,-1
2000,4,500,1,4,4,157235.508409,157235.547599,0.039190,0x4056d3,40,100.000000,1,1,0.042693,1.200000,0.800000,cat,14,7ffe,1,1,30547968,30457856,-90112,105474654208,105474654208,0,105474654208,105474654208,0,-1,-1,-1
2000,4,500,2,4,4,157235.509326,157235.548519,0.039193,0x4056d3,48,100.000000,1,1,0.042693,1.200000,0.800000,cat,14,7ffe,1,1,30638080,30818304,180224,124815572992,124815572992,0,124815572992,124815572992,0,-1,-1,-1
2000,4,500,3,4,4,157235.518941,157235.546693,0.027752,0x4056d3,56,100.000000,1,1,0.042693,1.200000,0.800000,cat,1,1,1,1,1892352,1892352,0,252594028544,252594028544,0,252594028544,252594028544,0,-1,-1,-1
2001,5,500,0,4,4,157235.647348,157235.667433,0.020085,0x40573a,0,100.000000,1,1,0.057264,1.200000,0.800000,cat,1,1,1,1,2973696,2973696,0,236453617664,236453617664,0,236453617664,236453617664,0,-1,-1,-1
2001,5,500,1,4,4,157235.633214,157235.665870,0.032656,0x40573a,40,100.000000,1,1,0.057264,1.200000,0.800000,cat,14,7ffe,1,1,30457856,30638080,180224,105474654208,105474654208,0,105474654208,105474654208,0,-1,-1,-1
2001,5,500,2,4,4,157235.651206,157235.684559,0.033353,0x40573a,48,100.000000,1,1,0.057264,1.200000,0.800000,cat,14,7ffe,1,1,30818304,30818304,0,124815663104,124815663104,0,124815663104,124815663104,0,-1,-1,-1
2001,5,500,3,4,4,157235.627295,157235.648148,0.020853,0x40573a,56,100.000000,1,1,0.057264,1.200000,0.800000,cat,1,1,1,1,1892352,1892352,0,252594028544,252594028544,0,252594028544,252594028544,0,-1,-1,-1
2398,2,600,0,4,4,188828.751454,189149.212454,166.500537,0x4055d2,0,100.000000,1,1,321.058603,1.200000,0.800000,cat,1,1,1,1,2613248,1261568,-180224,283414675456,283891007488,475430912,283414675456,283891007488,475521024,-1,-1,-1
2398,2,600,1,4,4,188828.765894,189149.810057,318.609025,0x4055d2,40,100.000000,1,1,321.058603,1.200000,0.800000,cat,14,7ffe,1,1,30818304,30818304,180224,126474895360,126674853888,199958528,126474895360,126674853888,199958528,-1,-1,-1
2398,2,600,2,4,4,188828.753251,189149.749689,313.899371,0x4055d2,48,100.000000,1,1,321.058603,1.200000,0.800000,cat,14,7ffe,1,1,30638080,30007296,3964928,149529780224,149788762112,258441216,149529780224,149788762112,258621440,-1,-1,-1
2398,2,600,3,4,4,188828.758706,189149.205276,162.588612,0x4055d2,56,100.000000,1,1,321.058603,1.200000,0.800000,cat,1,1,1,1,1622016,1982464,1892352,302769831936,303274819584,504807424,302769831936,303274819584,504807424,-1,-1,-1
2399,3,600,0,4,4,189149.941848,189150.253414,0.311566,0x405623,0,100.000000,1,1,0.404868,1.200000,0.800000,cat,1,1,1,1,1531904,1622016,90112,283891187712,283892449280,1261568,283891187712,283892449280,1261568,-1,-1,-1
2399,3,600,1,4,4,189149.917471,189150.279434,0.361963,0x405623,40,100.000000,1,1,0.404868,1.200000,0.800000,cat,14,7ffe,1,1,30818304,30998528,180224,126674853888,126675124224,270336,126674853888,126675124224,270336,-1,-1,-1
2399,3,600,2,4,4,189149.955312,189150.322339,0.367027,0x405623,48,100.000000,1,1,0.404868,1.200000,0.800000,cat,14,7ffe,1,1,30007296,30007296,0,149788762112,149789302784,540672,149788762112,149789302784,540672,-1,-1,-1
2399,3,600,3,4,4,189149.926778,189150.229339,0.302561,0x405623,56,100.000000,1,1,0.404868,1.200000,0.800000,cat,1,1,1,1,1982464,1892352,-90112,303274909696,303276982272,2072576,303274909696,303276982272,2072576,-1,-1,-1
2400,4,600,0,4,4,189150.430159,189150.457336,0.027177,0x4056d3,0,100.000000,1,1,0.058490,1.200000,0.800000,cat,1,1,1,1,2072576,2072576,0,283893260288,283893350400,90112,283893260288,283893350400,90112,-1,-1,-1
2400,4,600,1,4,4,189150.439638,189150.478911,0.039273,0x4056d3,40,100.000000,1,1,0.058490,1.200000,0.800000,cat,14,7ffe,1,1,30908416,30908416,0,126675214336,126675214336,0,126675214336,126675214336,0,-1,-1,-1
2400,4,600,2,4,4,189150.449222,189150.488649,0.039427,0x4056d3,48,100.000000,1,1,0.058490,1.200000,0.800000,cat,14,7ffe,1,1,29917184,29917184,0,149789302784,149789392896,90112,149789302784,149789392896,90112,-1,-1,-1
2400,4,600,3,4,4,189150.452362,189150.484327,0.031965,0x4056d3,56,100.000000,1,1,0.058490,1.200000,0.800000,cat,1,1,1,1,1892352,1802240,-90112,303277072384,303277072384,0,303277072384,303277072384,0,-1,-1,-1
2401,5,600,0,4,4,189150.560161,189150.579927,0.019766,0x40573a,0,100.000000,1,1,0.053759,1.200000,0.800000,cat,1,1,1,1,2072576,2162688,90112,283893350400,283893350400,0,283893350400,283893350400,0,-1,-1,-1
2401,5,600,1,4,4,189150.576871,189150.608493,0.031622,0x40573a,40,100.000000,1,1,0.053759,1.200000,0.800000,cat,14,7ffe,1,1,30908416,30908416,0,126675214336,126675214336,0,126675214336,126675214336,0,-1,-1,-1
2401,5,600,2,4,4,189150.579931,189150.613920,0.033989,0x40573a,48,100.000000,1,1,0.053759,1.200000,0.800000,cat,14,7ffe,1,1,29917184,30007296,90112,149789392896,149789392896,0,149789392896,149789392896,0,-1,-1,-1
2401,5,600,3,4,4,189150.567478,189150.587677,0.020199,0x40573a,56,100.000000,1,1,0.053759,1.200000,0.800000,cat,1,1,1,1,1802240,1802240,0,303277162496,303277252608,90112,303277162496,303277252608,90112,-1,-1,-1
2798,2,700,0,4,4,220583.792976,220899.418313,165.027986,0x4055d2,32,100.000000,1,1,316.219506,1.200000,0.800000,cat,1,1,1,1,2793472,1712128,-270336,330913611776,331389222912,474890240,330913611776,331389222912,474980352,-1,-1,-1
2798,2,700,1,4,4,220583.795214,220899.999067,307.319696,0x4055d2,40,100.000000,1,1,316.219506,1.200000,0.800000,cat,14,7ffe,1,1,31268864,30908416,450560,147529383936,147739615232,210141184,147529383936,147739615232,210141184,-1,-1,-1
2798,2,700,2,4,4,220583.779561,220899.947451,313.555209,0x4055d2,48,100.000000,1,1,316.219506,1.200000,0.800000,cat,14,7ffe,1,1,30638080,30007296,720896,174811693056,175061573632,249880576,174811693056,175061573632,249880576,-1,-1,-1
2798,2,700,3,4,4,220583.792052,220899.402488,161.183255,0x4055d2,56,100.000000,1,1,316.219506,1.200000,0.800000,cat,1,1,1,1,1892352,1802240,1712128,353433141248,353939390464,506068992,353433141248,353939390464,506068992,-1,-1,-1
2799,3,700,0,4,4,220900.137739,220900.446142,0.308403,0x405623,32,100.000000,1,1,0.401825,1.200000,0.800000,cat,1,1,1,1,1802240,1982464,180224,331389403136,331390844928,1441792,331389403136,331390844928,1441792,-1,-1,-1
2799,3,700,1,4,4,220900.115316,220900.477898,0.362582,0x405623,40,100.000000,1,1,0.401825,1.200000,0.800000,cat,14,7ffe,1,1,30998528,30998528,0,147739615232,147739795456,180224,147739615232,147739795456,180224,-1,-1,-1
2799,3,700,2,4,4,220900.150718,220900.517141,0.366423,0x405623,48,100.000000,1,1,0.401825,1.200000,0.800000,cat,14,7ffe,1,1,30007296,30187520,180224,175061573632,175062024192,450560,175061573632,175062024192,450560,-1,-1,-1
2799,3,700,3,4,4,220900.123309,220900.417791,0.294482,0x405623,56,100.000000,1,1,0.401825,1.200000,0.800000,cat,1,1,1,1,1802240,1802240,0,353939390464,353941553152,2162688,353939390464,353941553152,2162688,-1,-1,-1
2800,4,700,0,4,4,220900.622149,220900.651489,0.029340,0x4056d3,32,100.000000,1,1,0.048263,1.200000,0.800000,cat,1,1,1,1,2252800,2252800,0,331391655936,331391746048,90112,331391655936,331391746048,90112,-1,-1,-1
2800,4,700,1,4,4,220900.631290,220900.670412,0.039122,0x4056d3,40,100.000000,1,1,0.048263,1.200000,0.800000,cat,14,7ffe,1,1,30908416,30908416,0,147739795456,147739885568,90112,147739795456,147739885568,90112,-1,-1,-1
2800,4,700,2,4,4,220900.625417,220900.664460,0.039043,0x4056d3,48,100.000000,1,1,0.048263,1.200000,0.800000,cat,14,7ffe,1,1,30187520,30187520,0,175062024192,175062024192,0,175062024192,175062024192,0,-1,-1,-1
2800,4,700,3,4,4,220900.628883,220900.662903,0.034020,0x4056d3,56,100.000000,1,1,0.048263,1.200000,0.800000,cat,1,1,1,1,1802240,1892352,90112,353941553152,353941553152,0,353941553152,353941553152,0,-1,-1,-1
2801,5,700,0,4,4,220900.760219,220900.781044,0.020825,0x40573a,32,100.000000,1,1,0.065066,1.200000,0.800000,cat,1,1,1,1,2523136,2613248,90112,331391746048,331391746048,0,331391746048,331391746048,0,-1,-1,-1
2801,5,700,1,4,4,220900.750762,220900.783703,0.032941,0x40573a,40,100.000000,1,1,0.065066,1.200000,0.800000,cat,14,7ffe,1,1,30908416,30908416,0,147739885568,147739885568,0,147739885568,147739885568,0,-1,-1,-1
2801,5,700,2,4,4,220900.767019,220900.800797,0.033778,0x40573a,48,100.000000,1,1,0.065066,1.200000,0.800000,cat,14,7ffe,1,1,30187520,30187520,0,175062024192,175062024192,0,175062024192,175062024192,0,-1,-1,-1
2801,5,700,3,4,4,220900.735731,220900.756939,0.021208,0x40573a,56,100.000000,1,1,0.065066,1.200000,0.800000,cat,1,1,1,1,1892352,1982464,90112,353941553152,353941553152,0,353941553152,353941553152,0,-1,-1,-1
3198,2,800,0,4,4,252061.716245,252376.508034,169.241977,0x4055d2,32,100.000000,1,1,315.371823,1.200000,0.800000,cat,1,1,1,1,2523136,1712128,-180224,378514825216,378992148480,476692480,378514825216,378992148480,476602368,-1,-1,-1
3198,2,800,1,4,4,252061.721136,252377.088068,306.324582,0x4055d2,40,100.000000,1,1,315.371823,1.200000,0.800000,cat,14,7ffe,1,1,31268864,31449088,901120,168611717120,168815910912,204013568,168611717120,168815910912,204013568,-1,-1,-1
3198,2,800,2,4,4,252061.721901,252377.026750,312.608548,0x4055d2,48,100.000000,1,1,315.371823,1.200000,0.800000,cat,14,7ffe,1,1,30728192,30007296,1171456,200069636096,200316362752,246636544,200069636096,200316362752,246726656,-1,-1,-1
3198,2,800,3,4,4,252061.718554,252376.496509,159.699952,0x4055d2,56,100.000000,1,1,315.371823,1.200000,0.800000,cat,1,1,1,1,1712128,2162688,2162688,403949658112,404454465536,504356864,403949658112,404454465536,504266752,-1,-1,-1
3199,3,800,0,4,4,252377.222650,252377.534498,0.311848,0x405623,32,100.000000,1,1,0.396106,1.200000,0.800000,cat,1,1,1,1,1892352,1892352,0,378992148480,378993590272,1441792,378992148480,378993590272,1441792,-1,-1,-1
3199,3,800,1,4,4,252377.193796,252377.559624,0.365828,0x405623,40,100.000000,1,1,0.396106,1.200000,0.800000,cat,14,7ffe,1,1,31449088,31629312,180224,168815910912,168816361472,450560,168815910912,168816361472,450560,-1,-1,-1
3199,3,800,2,4,4,252377.222037,252377.589902,0.367865,0x405623,48,100.000000,1,1,0.396106,1.200000,0.800000,cat,14,7ffe,1,1,30187520,30007296,-180224,200316362752,200316903424,540672,200316362752,200316903424,540672,-1,-1,-1
3199,3,800,3,4,4,252377.202182,252377.494181,0.291999,0x405623,56,100.000000,1,1,0.396106,1.200000,0.800000,cat,1,1,1,1,2072576,2162688,90112,404454465536,404456357888,1892352,404454465536,404456357888,1892352,-1,-1,-1
3200,4,800,0,4,4,252377.719555,252377.754966,0.035411,0x4056d3,32,100.000000,1,1,0.059724,1.200000,0.800000,cat,1,1,1,1,2252800,2162688,-90112,378994401280,378994401280,0,378994401280,378994401280,0,-1,-1,-1
3200,4,800,1,4,4,252377.695242,252377.734584,0.039342,0x4056d3,40,100.000000,1,1,0.059724,1.200000,0.800000,cat,14,7ffe,1,1,31539200,31449088,-90112,168816451584,168816541696,90112,168816451584,168816541696,90112,-1,-1,-1
3200,4,800,2,4,4,252377.713822,252377.752953,0.039131,0x4056d3,48,100.000000,1,1,0.059724,1.200000,0.800000,cat,14,7ffe,1,1,30187520,30277632,90112,200316903424,200316903424,0,200316903424,200316903424,0,-1,-1,-1
3200,4,800,3,4,4,252377.704565,252377.734995,0.030430,0x4056d3,56,100.000000,1,1,0.059724,1.200000,0.800000,cat,1,1,1,1,2072576,2072576,0,404456357888,404456357888,0,404456357888,404456357888,0,-1,-1,-1
3201,5,800,0,4,4,252377.836713,252377.857117,0.020404,0x40573a,32,100.000000,1,1,0.064673,1.200000,0.800000,cat,1,1,1,1,2342912,2342912,0,378994491392,378994491392,0,378994491392,378994491392,0,-1,-1,-1
3201,5,800,1,4,4,252377.845986,252377.877096,0.031110,0x40573a,40,100.000000,1,1,0.064673,1.200000,0.800000,cat,14,7ffe,1,1,31449088,31449088,0,168816541696,168816541696,0,168816541696,168816541696,0,-1,-1,-1
3201,5,800,2,4,4,252377.850937,252377.885321,0.034384,0x40573a,48,100.000000,1,1,0.064673,1.200000,0.800000,cat,14,7ffe,1,1,30277632,30367744,90112,200316903424,200316903424,0,200316903424,200316903424,0,-1,-1,-1
3201,5,800,3,4,4,252377.820648,252377.841612,0.020964,0x40573a,56,100.000000,1,1,0.064673,1.200000,0.800000,cat,1,1,1,1,2072576,2072576,0,404456357888,404456357888,0,404456357888,404456357888,0,-1,-1,-1
3598,2,900,0,4,4,283493.241972,283800.749587,162.900109,0x4055d2,32,100.000000,1,1,308.112400,1.200000,0.800000,cat,1,1,1,1,3514368,2342912,90112,425921486848,426391240704,468762624,425921486848,426391240704,468492288,-1,-1,-1
3598,2,900,1,4,4,283493.247758,283801.349990,305.559910,0x4055d2,40,100.000000,1,1,308.112400,1.200000,0.800000,cat,14,7ffe,1,1,30818304,30818304,180224,190113792000,190338531328,224649216,190113792000,190338531328,224649216,-1,-1,-1
3598,2,900,2,4,4,283493.243942,283801.289674,303.395203,0x4055d2,48,100.000000,1,1,308.112400,1.200000,0.800000,cat,14,7ffe,1,1,30367744,29827072,2973696,225029849088,225259544576,229515264,225029849088,225259544576,229515264,-1,-1,-1
3598,2,900,3,4,4,283493.237590,283800.743667,159.397039,0x4055d2,56,100.000000,1,1,308.112400,1.200000,0.800000,cat,1,1,1,1,1892352,1982464,1982464,454691454976,455197704192,505978880,454691454976,455197704192,505978880,-1,-1,-1
3599,3,900,0,4,4,283801.498806,283801.805628,0.306822,0x405623,32,100.000000,1,1,0.392063,1.200000,0.800000,cat,1,1,1,1,2523136,2252800,-270336,426391601152,426393223168,1622016,426391601152,426393223168,1622016,-1,-1,-1
3599,3,900,1,4,4,283801.470728,283801.836056,0.365328,0x405623,40,100.000000,1,1,0.392063,1.200000,0.800000,cat,14,7ffe,1,1,30818304,30818304,0,190338531328,190338981888,450560,190338531328,190338981888,450560,-1,-1,-1
3599,3,900,2,4,4,283801.498670,283801.862791,0.364121,0x405623,48,100.000000,1,1,0.392063,1.200000,0.800000,cat,14,7ffe,1,1,30187520,30457856,270336,225259544576,225260085248,540672,225259544576,225260085248,540672,-1,-1,-1
3599,3,900,3,4,4,283801.478325,283801.772842,0.294517,0x405623,56,100.000000,1,1,0.392063,1.200000,0.800000,cat,1,1,1,1,1892352,1622016,-270336,455197704192,455199596544,1892352,455197704192,455199596544,1892352,-1,-1,-1
3600,4,900,0,4,4,283801.963935,283801.996288,0.032353,0x4056d3,32,100.000000,1,1,0.068889,1.200000,0.800000,cat,1,1,1,1,2342912,2342912,0,426393853952,426393944064,90112,426393853952,426393944064,90112,-1,-1,-1
3600,4,900,1,4,4,283801.983553,283802.024894,0.041341,0x4056d3,40,100.000000,1,1,0.068889,1.200000,0.800000,cat,14,7ffe,1,1,30908416,30908416,0,190338981888,190339072000,90112,190338981888,190339072000,90112,-1,-1,-1
3600,4,900,2,4,4,283801.990286,283802.032824,0.042538,0x4056d3,48,100.000000,1,1,0.068889,1.200000,0.800000,cat,14,7ffe,1,1,30367744,30457856,90112,225260175360,225260175360,0,225260175360,225260175360,0,-1,-1,-1
3600,4,900,3,4,4,283801.971100,283801.995223,0.024123,0x4056d3,56,100.000000,1,1,0.068889,1.200000,0.800000,cat,1,1,1,1,1622016,1712128,90112,455199596544,455199596544,0,455199596544,455199596544,0,-1,-1,-1
3601,5,900,0,4,4,283802.096122,283802.116758,0.020636,0x40573a,32,100.000000,1,1,0.056839,1.200000,0.800000,cat,1,1,1,1,2342912,2342912,0,426393944064,426394034176,90112,426393944064,426394034176,90112,-1,-1,-1
3601,5,900,1,4,4,283802.112707,283802.144877,0.032170,0x40573a,40,100.000000,1,1,0.056839,1.200000,0.800000,cat,14,7ffe,1,1,30908416,30998528,90112,190339072000,190339072000,0,190339072000,190339072000,0,-1,-1,-1
3601,5,900,2,4,4,283802.119581,283802.152961,0.033380,0x40573a,48,100.000000,1,1,0.056839,1.200000,0.800000,cat,14,7ffe,1,1,30547968,30547968,0,225260175360,225260175360,0,225260175360,225260175360,0,-1,-1,-1
3601,5,900,3,4,4,283802.107452,283802.127386,0.019934,0x40573a,56,100.000000,1,1,0.056839,1.200000,0.800000,cat,1,1,1,1,1802240,1802240,0,455199596544,455199686656,90112,455199596544,455199686656,90112,-1,-1,-1
3998,2,1000,0,4,4,314440.316833,314755.454982,164.837628,0x4055d2,32,100.000000,1,1,315.749184,1.200000,0.800000,cat,1,1,1,1,2613248,1802240,-90112,473432047616,473898377216,465338368,473432047616,473898377216,465428480,-1,-1,-1
3998,2,1000,1,4,4,314440.323736,314756.061367,313.284855,0x4055d2,40,100.000000,1,1,315.749184,1.200000,0.800000,cat,14,7ffe,1,1,31358976,30998528,0,211298492416,211488538624,190046208,211298492416,211488538624,190046208,-1,-1,-1
3998,2,1000,2,4,4,314440.315097,314756.000527,310.646165,0x4055d2,48,100.000000,1,1,315.749184,1.200000,0.800000,cat,14,7ffe,1,1,30097408,29556736,3514368,249857236992,250128203776,270966784,249857236992,250128203776,270966784,-1,-1,-1
3998,2,1000,3,4,4,314440.312183,314755.455828,162.569751,0x4055d2,56,100.000000,1,1,315.749184,1.200000,0.800000,cat,1,1,1,1,1351680,1982464,2072576,505312501760,505822715904,510124032,505312501760,505822715904,510124032,-1,-1,-1
3999,3,1000,0,4,4,314756.253938,314756.567937,0.313999,0x405623,0,100.000000,1,1,0.389513,1.200000,0.800000,cat,1,1,1,1,3424256,3244032,-180224,473899278336,473900449792,1171456,473899278336,473900449792,1171456,-1,-1,-1
3999,3,1000,1,4,4,314756.193825,314756.559541,0.365716,0x405623,40,100.000000,1,1,0.389513,1.200000,0.800000,cat,14,7ffe,1,1,30998528,31268864,270336,211488538624,211489169408,630784,211488538624,211489169408,630784,-1,-1,-1
3999,3,1000,2,4,4,314756.211906,314756.575899,0.363993,0x405623,48,100.000000,1,1,0.389513,1.200000,0.800000,cat,14,7ffe,1,1,29646848,30007296,360448,250128203776,250128564224,360448,250128203776,250128564224,360448,-1,-1,-1
3999,3,1000,3,4,4,314756.186386,314756.481420,0.295034,0x405623,56,100.000000,1,1,0.389513,1.200000,0.800000,cat,1,1,1,1,1982464,1712128,-270336,505822715904,505824608256,1892352,505822715904,505824608256,1892352,-1,-1,-1
4000,4,1000,0,4,4,314756.705165,314756.736707,0.031542,0x4056d3,0,100.000000,1,1,0.057856,1.200000,0.800000,cat,1,1,1,1,3063808,3063808,0,473901170688,473901170688,0,473901170688,473901170688,0,-1,-1,-1
4000,4,1000,1,4,4,314756.698782,314756.737879,0.039097,0x4056d3,40,100.000000,1,1,0.057856,1.200000,0.800000,cat,14,7ffe,1,1,31268864,31268864,0,211489169408,211489259520,90112,211489169408,211489259520,90112,-1,-1,-1
4000,4,1000,2,4,4,314756.716436,314756.756638,0.040202,0x4056d3,48,100.000000,1,1,0.057856,1.200000,0.800000,cat,14,7ffe,1,1,30097408,30007296,-90112,250128654336,250128654336,0,250128654336,250128654336,0,-1,-1,-1
4000,4,1000,3,4,4,314756.722772,314756.750386,0.027614,0x4056d3,56,100.000000,1,1,0.057856,1.200000,0.800000,cat,1,1,1,1,1622016,1622016,0,505824608256,505824608256,0,505824608256,505824608256,0,-1,-1,-1
4001,5,1000,0,4,4,314756.820876,314756.841583,0.020707,0x40573a,0,100.000000,1,1,0.065972,1.200000,0.800000,cat,1,1,1,1,2973696,2973696,0,473901170688,473901260800,90112,473901170688,473901350912,180224,-1,-1,-1
4001,5,1000,1,4,4,314756.855489,314756.886848,0.031359,0x40573a,40,100.000000,1,1,0.065972,1.200000,0.800000,cat,14,7ffe,1,1,31268864,31268864,0,211489259520,211489259520,0,211489259520,211489259520,0,-1,-1,-1
4001,5,1000,2,4,4,314756.847761,314756.881042,0.033281,0x40573a,48,100.000000,1,1,0.065972,1.200000,0.800000,cat,14,7ffe,1,1,30007296,30187520,180224,250128654336,250128654336,0,250128654336,250128654336,0,-1,-1,-1
4001,5,1000,3,4,4,314756.839460,314756.859362,0.019902,0x40573a,56,100.000000,1,1,0.065972,1.200000,0.800000,cat,1,1,1,1,1622016,1531904,-90112,505824608256,505824788480,180224,505824608256,505824788480,180224,-1,-1,-1
4398,2,1100,0,4,4,346075.725330,346391.331849,165.024033,0x4055d2,0,100.000000,1,1,316.206927,1.200000,0.800000,cat,1,1,1,1,2523136,2162688,450560,520370397184,520837898240,466599936,520370397184,520837898240,466780160,-1,-1,-1
4398,2,1100,1,4,4,346075.720682,346391.923927,311.639413,0x4055d2,40,100.000000,1,1,316.206927,1.200000,0.800000,cat,14,7ffe,1,1,30998528,30547968,-270336,231843037184,232050294784,207167488,231843037184,232050294784,207167488,-1,-1,-1
4398,2,1100,2,4,4,346075.721631,346391.875768,312.039884,0x4055d2,48,100.000000,1,1,316.206927,1.200000,0.800000,cat,14,7ffe,1,1,30547968,30007296,2342912,275337486336,275588087808,250331136,275337486336,275588087808,250331136,-1,-1,-1
4398,2,1100,3,4,4,346075.717000,346391.321989,162.752343,0x4055d2,56,100.000000,1,1,316.206927,1.200000,0.800000,cat,1,1,1,1,2252800,2072576,1351680,555922284544,556424388608,502104064,555922284544,556424388608,502104064,-1,-1,-1
4399,3,1100,0,4,4,346392.069200,346392.380566,0.311366,0x405623,0,100.000000,1,1,0.402228,1.200000,0.800000,cat,1,1,1,1,2072576,2252800,180224,520838168576,520839610368,1441792,520838168576,520839610368,1441792,-1,-1,-1
4399,3,1100,1,4,4,346392.038799,346392.402145,0.363346,0x405623,40,100.000000,1,1,0.402228,1.200000,0.800000,cat,14,7ffe,1,1,30818304,30638080,-180224,232050294784,232050655232,360448,232050294784,232050655232,360448,-1,-1,-1
4399,3,1100,2,4,4,346392.067589,346392.441027,0.373438,0x405623,48,100.000000,1,1,0.402228,1.200000,0.800000,cat,14,7ffe,1,1,30367744,30638080,270336,275588087808,275588448256,360448,275588087808,275588448256,360448,-1,-1,-1
4399,3,1100,3,4,4,346392.047160,346392.340908,0.293748,0x405623,56,100.000000,1,1,0.402228,1.200000,0.800000,cat,1,1,1,1,2072576,2162688,90112,556424388608,556426280960,1892352,556424388608,556426280960,1892352,-1,-1,-1
4400,4,1100,0,4,4,346392.550509,346392.585369,0.034860,0x4056d3,0,100.000000,1,1,0.068371,1.200000,0.800000,cat,1,1,1,1,2703360,2703360,0,520840241152,520840241152,0,520840241152,520840241152,0,-1,-1,-1
4400,4,1100,1,4,4,346392.573524,346392.612110,0.038586,0x4056d3,40,100.000000,1,1,0.068371,1.200000,0.800000,cat,14,7ffe,1,1,30638080,30638080,0,232050655232,232050745344,90112,232050655232,232050745344,90112,-1,-1,-1
4400,4,1100,2,4,4,346392.579932,346392.618880,0.038948,0x4056d3,48,100.000000,1,1,0.068371,1.200000,0.800000,cat,14,7ffe,1,1,30728192,30728192,0,275588448256,275588448256,0,275588448256,275588448256,0,-1,-1,-1
4400,4,1100,3,4,4,346392.559891,346392.592250,0.032359,0x4056d3,56,100.000000,1,1,0.068371,1.200000,0.800000,cat,1,1,1,1,2162688,2162688,0,556426280960,556426280960,0,556426280960,556426280960,0,-1,-1,-1
4401,5,1100,0,4,4,346392.703940,346392.724134,0.020194,0x40573a,0,100.000000,1,1,0.060549,1.200000,0.800000,cat,1,1,1,1,2703360,2793472,90112,520840331264,520840331264,0,520840331264,520840331264,0,-1,-1,-1
4401,5,1100,1,4,4,346392.700566,346392.734423,0.033857,0x40573a,40,100.000000,1,1,0.060549,1.200000,0.800000,cat,14,7ffe,1,1,30638080,30638080,0,232050745344,232050745344,0,232050745344,232050745344,0,-1,-1,-1
4401,5,1100,2,4,4,346392.708764,346392.742637,0.033873,0x40573a,48,100.000000,1,1,0.060549,1.200000,0.800000,cat,14,7ffe,1,1,30818304,30818304,0,275588448256,275588448256,0,275588448256,275588448256,0,-1,-1,-1
4401,5,1100,3,4,4,346392.682088,346392.703145,0.021057,0x40573a,56,100.000000,1,1,0.060549,1.200000,0.800000,cat,1,1,1,1,2162688,2162688,0,556426280960,556426280960,0,556426280960,556426280960,0,-1,-1,-1
4798,2,1200,0,4,4,377670.882753,377986.087690,163.964780,0x4055d2,0,100.000000,1,1,315.807465,1.200000,0.800000,cat,1,1,1,1,2883584,1622016,180224,567120773120,567589986304,468492288,567120773120,567589986304,468221952,-1,-1,-1
4798,2,1200,1,4,4,377670.891518,377986.685829,312.427126,0x4055d2,40,100.000000,1,1,315.807465,1.200000,0.800000,cat,14,7ffe,1,1,30367744,30547968,360448,252658909184,252874186752,215277568,252658909184,252874186752,215277568,-1,-1,-1
4798,2,1200,2,4,4,377670.892939,377986.624514,311.629831,0x4055d2,48,100.000000,1,1,315.807465,1.200000,0.800000,cat,14,7ffe,1,1,30638080,30638080,2433024,300489457664,300729425920,239968256,300489457664,300729425920,239968256,-1,-1,-1
4798,2,1200,3,4,4,377670.878364,377986.087433,162.731682,0x4055d2,56,100.000000,1,1,315.807465,1.200000,0.800000,cat,1,1,1,1,1712128,1802240,1351680,606767710208,607267110912,499310592,606767710208,607267110912,499310592,-1,-1,-1
4799,3,1200,0,4,4,377986.801082,377987.115680,0.314598,0x405623,0,100.000000,1,1,0.401940,1.200000,0.800000,cat,1,1,1,1,1712128,1441792,-270336,567590166528,567591608320,1441792,567590166528,567591608320,1441792,-1,-1,-1
4799,3,1200,1,4,4,377986.791363,377987.156584,0.365221,0x405623,40,100.000000,1,1,0.401940,1.200000,0.800000,cat,14,7ffe,1,1,30547968,30547968,0,252874186752,252874547200,360448,252874186752,252874547200,360448,-1,-1,-1
4799,3,1200,2,4,4,377986.821506,377987.193303,0.371797,0x405623,48,100.000000,1,1,0.401940,1.200000,0.800000,cat,14,7ffe,1,1,30638080,30908416,270336,300729425920,300729786368,360448,300729425920,300729786368,360448,-1,-1,-1
4799,3,1200,3,4,4,377986.822333,377987.117730,0.295397,0x405623,56,100.000000,1,1,0.401940,1.200000,0.800000,cat,1,1,1,1,1802240,1622016,-180224,607267110912,607268732928,1622016,607267110912,607268732928,1622016,-1,-1,-1
4800,4,1200,0,4,4,377987.296175,377987.324491,0.028316,0x4056d3,0,100.000000,1,1,0.068571,1.200000,0.800000,cat,1,1,1,1,1892352,1802240,-90112,567592329216,567592419328,90112,567592329216,567592419328,90112,-1,-1,-1
4800,4,1200,1,4,4,377987.320180,377987.359576,0.039396,0x4056d3,40,100.000000,1,1,0.068571,1.200000,0.800000,cat,14,7ffe,1,1,30638080,30547968,-90112,252874547200,252874547200,0,252874547200,252874547200,0,-1,-1,-1
4800,4,1200,2,4,4,377987.326190,377987.364746,0.038556,0x4056d3,48,100.000000,1,1,0.068571,1.200000,0.800000,cat,14,7ffe,1,1,31088640,31088640,0,300729786368,300729786368,0,300729786368,300729786368,0,-1,-1,-1
4800,4,1200,3,4,4,377987.307362,377987.334023,0.026661,0x4056d3,56,100.000000,1,1,0.068571,1.200000,0.800000,cat,1,1,1,1,1622016,1802240,180224,607268732928,607268732928,0,607268732928,607268732928,0,-1,-1,-1
4801,5,1200,0,4,4,377987.435915,377987.456299,0.020384,0x40573a,0,100.000000,1,1,0.056721,1.200000,0.800000,cat,1,1,1,1,1802240,1802240,0,567592419328,567592509440,90112,567592419328,567592509440,90112,-1,-1,-1
4801,5,1200,1,4,4,377987.452393,377987.484172,0.031779,0x40573a,40,100.000000,1,1,0.056721,1.200000,0.800000,cat,14,7ffe,1,1,30547968,30638080,90112,252874637312,252874637312,0,252874637312,252874637312,0,-1,-1,-1
4801,5,1200,2,4,4,377987.459159,377987.492636,0.033477,0x40573a,48,100.000000,1,1,0.056721,1.200000,0.800000,cat,14,7ffe,1,1,31088640,31088640,0,300729786368,300729786368,0,300729786368,300729786368,0,-1,-1,-1
4801,5,1200,3,4,4,377987.445460,377987.465340,0.019880,0x40573a,56,100.000000,1,1,0.056721,1.200000,0.800000,cat,1,1,1,1,1802240,1802240,0,607268732928,607268823040,90112,607268732928,607268823040,90112,-1,-1,-1
5198,2,1300,0,4,4,409250.258978,409566.472580,165.406202,0x4055d2,0,100.000000,1,1,316.806050,1.200000,0.800000,cat,1,1,1,1,2433024,1622016,-180224,614105169920,614576185344,470654976,614105169920,614576185344,470654976,-1,-1,-1
5198,2,1300,1,4,4,409250.262910,409567.065028,313.567626,0x4055d2,40,100.000000,1,1,316.806050,1.200000,0.800000,cat,14,7ffe,1,1,31358976,30908416,0,273529659392,273730519040,200769536,273529659392,273730519040,200769536,-1,-1,-1
5198,2,1300,2,4,4,409250.259691,409567.009536,312.308661,0x4055d2,48,100.000000,1,1,316.806050,1.200000,0.800000,cat,14,7ffe,1,1,29827072,29196288,3063808,325725503488,325986828288,260964352,325725503488,325986828288,261144576,-1,-1,-1
5198,2,1300,3,4,4,409250.260332,409566.467741,163.731101,0x4055d2,56,100.000000,1,1,316.806050,1.200000,0.800000,cat,1,1,1,1,1531904,1982464,1982464,657593761792,658106589184,512557056,657593761792,658106589184,512557056,-1,-1,-1
5199,3,1300,0,4,4,409567.170619,409567.481219,0.310600,0x405623,0,100.000000,1,1,0.392727,1.200000,0.800000,cat,1,1,1,1,1622016,1712128,90112,614576365568,614577537024,1171456,614576365568,614577537024,1171456,-1,-1,-1
5199,3,1300,1,4,4,409567.195708,409567.562143,0.366435,0x405623,40,100.000000,1,1,0.392727,1.200000,0.800000,cat,14,7ffe,1,1,31088640,31088640,0,273730519040,273730789376,270336,273730519040,273730789376,270336,-1,-1,-1
5199,3,1300,2,4,4,409567.190728,409567.563346,0.372618,0x405623,48,100.000000,1,1,0.392727,1.200000,0.800000,cat,14,7ffe,1,1,29286400,29827072,540672,325986828288,325987098624,270336,325986828288,325987098624,270336,-1,-1,-1
5199,3,1300,3,4,4,409567.202627,409567.497338,0.294711,0x405623,56,100.000000,1,1,0.392727,1.200000,0.800000,cat,1,1,1,1,1982464,1892352,-90112,658106589184,658108841984,2252800,658106589184,658108841984,2252800,-1,-1,-1
5200,4,1300,0,4,4,409567.667557,409567.694999,0.027442,0x4056d3,0,100.000000,1,1,0.065497,1.200000,0.800000,cat,1,1,1,1,2342912,2342912,0,614578257920,614578348032,90112,614578257920,614578438144,180224,-1,-1,-1
5200,4,1300,1,4,4,409567.687863,409567.726703,0.038840,0x4056d3,40,100.000000,1,1,0.065497,1.200000,0.800000,cat,14,7ffe,1,1,31088640,31088640,0,273730789376,273730879488,90112,273730789376,273730879488,90112,-1,-1,-1
5200,4,1300,2,4,4,409567.693861,409567.733054,0.039193,0x4056d3,48,100.000000,1,1,0.065497,1.200000,0.800000,cat,14,7ffe,1,1,29827072,29917184,90112,325987098624,325987098624,0,325987098624,325987098624,0,-1,-1,-1
5200,4,1300,3,4,4,409567.680826,409567.714202,0.033376,0x4056d3,56,100.000000,1,1,0.065497,1.200000,0.800000,cat,1,1,1,1,1892352,1802240,-90112,658108932096,658108932096,0,658108932096,658108932096,0,-1,-1,-1
5201,5,1300,0,4,4,409567.793769,409567.813679,0.019910,0x40573a,0,100.000000,1,1,0.059202,1.200000,0.800000,cat,1,1,1,1,2342912,2342912,0,614578438144,614578438144,0,614578438144,614578438144,0,-1,-1,-1
5201,5,1300,1,4,4,409567.811174,409567.843060,0.031886,0x40573a,40,100.000000,1,1,0.059202,1.200000,0.800000,cat,14,7ffe,1,1,31088640,31268864,180224,273730879488,273730879488,0,273730879488,273730879488,0,-1,-1,-1
5201,5,1300,2,4,4,409567.819564,409567.852971,0.033407,0x40573a,48,100.000000,1,1,0.059202,1.200000,0.800000,cat,14,7ffe,1,1,29917184,30007296,90112,325987098624,325987098624,0,325987098624,325987098624,0,-1,-1,-1
5201,5,1300,3,4,4,409567.803745,409567.823555,0.019810,0x40573a,56,100.000000,1,1,0.059202,1.200000,0.800000,cat,1,1,1,1,1802240,1802240,0,658108932096,658108932096,0,658108932096,658109022208,90112,-1,-1,-1
5598,2,1400,0,4,4,440449.053142,440756.330951,164.283237,0x4055d2,32,100.000000,1,1,307.864560,1.200000,0.800000,cat,1,1,1,1,2973696,1712128,-270336,661190492160,661654749184,462995456,661190492160,661654749184,462905344,-1,-1,-1
5598,2,1400,1,4,4,440449.049400,440756.909259,304.630680,0x4055d2,40,100.000000,1,1,307.864560,1.200000,0.800000,cat,14,7ffe,1,1,30638080,30547968,90112,294468354048,294668853248,200499200,294468354048,294668853248,200409088,-1,-1,-1
5598,2,1400,2,4,4,440449.048224,440756.848142,303.985259,0x4055d2,48,100.000000,1,1,307.864560,1.200000,0.800000,cat,14,7ffe,1,1,30547968,30187520,2613248,350608580608,350862516224,253755392,350608580608,350862516224,253755392,-1,-1,-1
5598,2,1400,3,4,4,440449.044699,440756.320039,159.343961,0x4055d2,56,100.000000,1,1,307.864560,1.200000,0.800000,cat,1,1,1,1,1712128,2162688,2072576,708104781824,708614635520,509132800,708104781824,708614635520,509132800,-1,-1,-1
5599,3,1400,0,4,4,440757.054031,440757.362472,0.308441,0x405623,32,100.000000,1,1,0.402490,1.200000,0.800000,cat,1,1,1,1,1892352,1892352,0,661655289856,661656911872,1622016,661655289856,661656911872,1622016,-1,-1,-1
5599,3,1400,1,4,4,440757.059911,440757.422714,0.362803,0x405623,40,100.000000,1,1,0.402490,1.200000,0.800000,cat,14,7ffe,1,1,30547968,30547968,0,294668853248,294669033472,180224,294668853248,294669033472,180224,-1,-1,-1
5599,3,1400,2,4,4,440757.046557,440757.416146,0.369589,0x405623,48,100.000000,1,1,0.402490,1.200000,0.800000,cat,14,7ffe,1,1,30277632,30908416,630784,350862606336,350863056896,450560,350862606336,350863056896,450560,-1,-1,-1
5599,3,1400,3,4,4,440757.020224,440757.313583,0.293359,0x405623,56,100.000000,1,1,0.402490,1.200000,0.800000,cat,1,1,1,1,2342912,2162688,-180224,708614635520,708616708096,2072576,708614635520,708616708096,2072576,-1,-1,-1
5600,4,1400,0,4,4,440757.532095,440757.562529,0.030434,0x4056d3,32,100.000000,1,1,0.061551,1.200000,0.800000,cat,1,1,1,1,2162688,2072576,-90112,661657632768,661657722880,90112,661657632768,661657722880,90112,-1,-1,-1
5600,4,1400,1,4,4,440757.550927,440757.590144,0.039217,0x4056d3,40,100.000000,1,1,0.061551,1.200000,0.800000,cat,14,7ffe,1,1,30547968,30547968,0,294669033472,294669123584,90112,294669033472,294669123584,90112,-1,-1,-1
5600,4,1400,2,4,4,440757.553730,440757.593646,0.039916,0x4056d3,48,100.000000,1,1,0.061551,1.200000,0.800000,cat,14,7ffe,1,1,30908416,30908416,0,350863056896,350863056896,0,350863056896,350863056896,0,-1,-1,-1
5600,4,1400,3,4,4,440757.538974,440757.568950,0.029976,0x4056d3,56,100.000000,1,1,0.061551,1.200000,0.800000,cat,1,1,1,1,2072576,2162688,90112,708616798208,708616798208,0,708616798208,708616798208,0,-1,-1,-1
5601,5,1400,0,4,4,440757.654859,440757.675448,0.020589,0x40573a,32,100.000000,1,1,0.058703,1.200000,0.800000,cat,1,1,1,1,1982464,2072576,90112,661657993216,661657993216,0,661657993216,661657993216,0,-1,-1,-1
5601,5,1400,1,4,4,440757.672619,440757.704121,0.031502,0x40573a,40,100.000000,1,1,0.058703,1.200000,0.800000,cat,14,7ffe,1,1,30547968,30638080,90112,294669123584,294669123584,0,294669123584,294669123584,0,-1,-1,-1
5601,5,1400,2,4,4,440757.679374,440757.713562,0.034188,0x40573a,48,100.000000,1,1,0.058703,1.200000,0.800000,cat,14,7ffe,1,1,30998528,31088640,90112,350863056896,350863147008,90112,350863056896,350863147008,90112,-1,-1,-1
5601,5,1400,3,4,4,440757.665237,440757.685112,0.019875,0x40573a,56,100.000000,1,1,0.058703,1.200000,0.800000,cat,1,1,1,1,2162688,2162688,0,708616798208,708616798208,0,708616798208,708616798208,0,-1,-1,-1
5998,2,1500,0,4,4,471603.286726,471914.201035,163.719598,0x4055d2,32,100.000000,1,1,311.511654,1.200000,0.800000,cat,1,1,1,1,3063808,1892352,-180224,707683778560,708152901632,468041728,707683778560,708152901632,467951616,-1,-1,-1
5998,2,1500,1,4,4,471603.287657,471914.795668,308.083978,0x4055d2,40,100.000000,1,1,311.511654,1.200000,0.800000,cat,14,7ffe,1,1,30457856,30547968,-450560,315693064192,315894104064,201039872,315693064192,315894104064,201039872,-1,-1,-1
5998,2,1500,2,4,4,471603.289187,471914.741499,307.745528,0x4055d2,48,100.000000,1,1,311.511654,1.200000,0.800000,cat,14,7ffe,1,1,30547968,29646848,2973696,375244029952,375503552512,259342336,375244029952,375503552512,259342336,-1,-1,-1
5998,2,1500,3,4,4,471603.284014,471914.203953,160.561752,0x4055d2,56,100.000000,1,1,311.511654,1.200000,0.800000,cat,1,1,1,1,1622016,1892352,1712128,758599671808,759096639488,496787456,758599671808,759096639488,496697344,-1,-1,-1
5999,3,1500,0,4,4,471914.905424,471915.214408,0.308984,0x405623,32,100.000000,1,1,0.408305,1.200000,0.800000,cat,1,1,1,1,2072576,1892352,-180224,708153262080,708154703872,1441792,708153262080,708154703872,1441792,-1,-1,-1
5999,3,1500,1,4,4,471914.925509,471915.293100,0.367591,0x405623,40,100.000000,1,1,0.408305,1.200000,0.800000,cat,14,7ffe,1,1,30638080,30908416,270336,315894104064,315894554624,450560,315894104064,315894554624,450560,-1,-1,-1
5999,3,1500,2,4,4,471914.947311,471915.313729,0.366418,0x405623,48,100.000000,1,1,0.408305,1.200000,0.800000,cat,14,7ffe,1,1,29736960,30187520,450560,375503552512,375503912960,360448,375503552512,375503912960,360448,-1,-1,-1
5999,3,1500,3,4,4,471914.937248,471915.232289,0.295041,0x405623,56,100.000000,1,1,0.408305,1.200000,0.800000,cat,1,1,1,1,1892352,1892352,0,759096639488,759098802176,2162688,759096639488,759098802176,2162688,-1,-1,-1
6000,4,1500,0,4,4,471915.415929,471915.444663,0.028734,0x4056d3,32,100.000000,1,1,0.063084,1.200000,0.800000,cat,1,1,1,1,1982464,2072576,90112,708155604992,708155695104,90112,708155604992,708155695104,90112,-1,-1,-1
6000,4,1500,1,4,4,471915.434311,471915.474095,0.039784,0x4056d3,40,100.000000,1,1,0.063084,1.200000,0.800000,cat,14,7ffe,1,1,30908416,30998528,90112,315894554624,315894644736,90112,315894554624,315894644736,90112,-1,-1,-1
6000,4,1500,2,4,4,471915.439833,471915.479013,0.039180,0x4056d3,48,100.000000,1,1,0.063084,1.200000,0.800000,cat,14,7ffe,1,1,30097408,30097408,0,375504003072,375504003072,0,375504003072,375504003072,0,-1,-1,-1
6000,4,1500,3,4,4,471915.425349,471915.451020,0.025671,0x4056d3,56,100.000000,1,1,0.063084,1.200000,0.800000,cat,1,1,1,1,1892352,1892352,0,759098802176,759098802176,0,759098802176,759098802176,0,-1,-1,-1
6001,5,1500,0,4,4,471915.541989,471915.562367,0.020378,0x40573a,32,100.000000,1,1,0.055825,1.200000,0.800000,cat,1,1,1,1,1982464,2072576,90112,708155695104,708155695104,0,708155695104,708155695104,0,-1,-1,-1
6001,5,1500,1,4,4,471915.552044,471915.584136,0.032092,0x40573a,40,100.000000,1,1,0.055825,1.200000,0.800000,cat,14,7ffe,1,1,30998528,31088640,90112,315894644736,315894644736,0,315894644736,315894644736,0,-1,-1,-1
6001,5,1500,2,4,4,471915.564689,471915.597814,0.033125,0x40573a,48,100.000000,1,1,0.055825,1.200000,0.800000,cat,14,7ffe,1,1,30187520,30277632,90112,375504003072,375504003072,0,375504003072,375504003072,0,-1,-1,-1
6001,5,1500,3,4,4,471915.562332,471915.582001,0.019669,0x40573a,56,100.000000,1,1,0.055825,1.200000,0.800000,cat,1,1,1,1,1892352,1802240,-90112,759098802176,759098892288,90112,759098802176,759098892288,90112,-1,-1,-1
6398,2,1600,0,4,4,502927.246335,503248.945814,167.992225,0x4055d2,0,100.000000,1,1,322.325801,1.200000,0.800000,cat,1,1,1,1,2883584,1802240,360448,754191302656,754647719936,456417280,754191302656,754647719936,456417280,-1,-1,-1
6398,2,1600,1,4,4,502927.232316,503249.549956,318.828567,0x4055d2,40,100.000000,1,1,322.325801,1.200000,0.800000,cat,14,7ffe,1,1,30728192,30908416,360448,336701685760,336913989632,212303872,336701685760,336913989632,212303872,-1,-1,-1
6398,2,1600,2,4,4,502927.226979,503249.491274,318.941841,0x4055d2,48,100.000000,1,1,322.325801,1.200000,0.800000,cat,14,7ffe,1,1,30457856,29827072,1982464,399898673152,400135667712,236814336,399898673152,400135667712,236814336,-1,-1,-1
6398,2,1600,3,4,4,502927.224155,503248.937629,162.739875,0x4055d2,56,100.000000,1,1,322.325801,1.200000,0.800000,cat,1,1,1,1,2162688,2252800,2252800,808598044672,809103122432,504807424,808598044672,809103122432,504717312,-1,-1,-1
6399,3,1600,0,4,4,503249.712632,503250.022875,0.310243,0x405623,0,100.000000,1,1,0.413189,1.200000,0.800000,cat,1,1,1,1,1982464,2433024,450560,754648080384,754649341952,1261568,754648080384,754649341952,1261568,-1,-1,-1
6399,3,1600,1,4,4,503249.670357,503250.040545,0.370188,0x405623,40,100.000000,1,1,0.413189,1.200000,0.800000,cat,14,7ffe,1,1,30908416,30728192,-180224,336913989632,336914350080,360448,336913989632,336914350080,360448,-1,-1,-1
6399,3,1600,2,4,4,503249.711913,503250.083546,0.371633,0x405623,48,100.000000,1,1,0.413189,1.200000,0.800000,cat,14,7ffe,1,1,30187520,30457856,270336,400135667712,400136028160,360448,400135667712,400136028160,360448,-1,-1,-1
6399,3,1600,3,4,4,503249.690959,503249.984037,0.293078,0x405623,56,100.000000,1,1,0.413189,1.200000,0.800000,cat,1,1,1,1,2162688,1982464,-180224,809103212544,809105195008,1982464,809103212544,809105195008,1982464,-1,-1,-1
6400,4,1600,0,4,4,503250.186851,503250.219554,0.032703,0x4056d3,0,100.000000,1,1,0.066104,1.200000,0.800000,cat,1,1,1,1,3063808,3063808,0,754650062848,754650062848,0,754650062848,754650062848,0,-1,-1,-1
6400,4,1600,1,4,4,503250.213108,503250.252955,0.039847,0x4056d3,40,100.000000,1,1,0.066104,1.200000,0.800000,cat,14,7ffe,1,1,30728192,30728192,0,336914350080,336914440192,90112,336914350080,336914440192,90112,-1,-1,-1
6400,4,1600,2,4,4,503250.207140,503250.246466,0.039326,0x4056d3,48,100.000000,1,1,0.066104,1.200000,0.800000,cat,14,7ffe,1,1,30457856,30547968,90112,400136028160,400136028160,0,400136028160,400136028160,0,-1,-1,-1
6400,4,1600,3,4,4,503250.198325,503250.225319,0.026994,0x4056d3,56,100.000000,1,1,0.066104,1.200000,0.800000,cat,1,1,1,1,1982464,1982464,0,809105195008,809105195008,0,809105195008,809105195008,0,-1,-1,-1
6401,5,1600,0,4,4,503250.312516,503250.333860,0.021344,0x40573a,0,100.000000,1,1,0.060316,1.200000,0.800000,cat,1,1,1,1,3063808,3063808,0,754650062848,754650152960,90112,754650062848,754650152960,90112,-1,-1,-1
6401,5,1600,1,4,4,503250.327243,503250.359060,0.031817,0x40573a,40,100.000000,1,1,0.060316,1.200000,0.800000,cat,14,7ffe,1,1,30728192,30908416,180224,336914440192,336914440192,0,336914440192,336914440192,0,-1,-1,-1
6401,5,1600,2,4,4,503250.339011,503250.372832,0.033821,0x40573a,48,100.000000,1,1,0.060316,1.200000,0.800000,cat,14,7ffe,1,1,30547968,30728192,180224,400136028160,400136028160,0,400136028160,400136028160,0,-1,-1,-1
6401,5,1600,3,4,4,503250.335925,503250.355565,0.019640,0x40573a,56,100.000000,1,1,0.060316,1.200000,0.800000,cat,1,1,1,1,1982464,1892352,-90112,809105195008,809105285120,90112,809105195008,809105285120,90112,-1,-1,-1
6798,2,1700,0,4,4,534445.838154,534755.003162,165.971551,0x4055d2,32,100.000000,1,1,309.759203,1.200000,0.800000,cat,1,1,1,1,2703360,1982464,-90112,800329637888,800794525696,464166912,800329637888,800794525696,464166912,-1,-1,-1
6798,2,1700,1,4,4,534445.835748,534755.590593,306.519628,0x4055d2,40,100.000000,1,1,309.759203,1.200000,0.800000,cat,14,7ffe,1,1,31178752,30547968,90112,357625241600,357845475328,220143616,357625241600,357845475328,220053504,-1,-1,-1
6798,2,1700,2,4,4,534445.839970,534755.530617,305.141387,0x4055d2,48,100.000000,1,1,309.759203,1.200000,0.800000,cat,14,7ffe,1,1,30638080,30187520,2162688,424870150144,425102999552,232398848,424870150144,425102999552,232398848,-1,-1,-1
6798,2,1700,3,4,4,534445.831390,534755.000580,160.226804,0x4055d2,56,100.000000,1,1,309.759203,1.200000,0.800000,cat,1,1,1,1,1982464,1892352,1712128,859249999872,859749670912,498950144,859249999872,859749670912,498860032,-1,-1,-1
6799,3,1700,0,4,4,534755.700355,534756.004564,0.304209,0x405623,32,100.000000,1,1,0.398650,1.200000,0.800000,cat,1,1,1,1,2252800,2613248,360448,800794976256,800796147712,1171456,800794976256,800796147712,1171456,-1,-1,-1
6799,3,1700,1,4,4,534755.729069,534756.096611,0.367542,0x405623,40,100.000000,1,1,0.398650,1.200000,0.800000,cat,14,7ffe,1,1,30638080,30457856,-180224,357845475328,357845655552,180224,357845475328,357845655552,180224,-1,-1,-1
6799,3,1700,2,4,4,534755.728789,534756.099005,0.370216,0x405623,48,100.000000,1,1,0.398650,1.200000,0.800000,cat,14,7ffe,1,1,30457856,30908416,450560,425102999552,425103269888,270336,425102999552,425103269888,270336,-1,-1,-1
6799,3,1700,3,4,4,534755.708892,534756.000039,0.291147,0x405623,56,100.000000,1,1,0.398650,1.200000,0.800000,cat,1,1,1,1,1892352,1712128,-180224,859749670912,859751563264,1892352,859749670912,859751563264,1892352,-1,-1,-1
6800,4,1700,0,4,4,534756.215162,534756.245439,0.030277,0x4056d3,32,100.000000,1,1,0.063685,1.200000,0.800000,cat,1,1,1,1,3153920,3153920,0,800796778496,800796778496,0,800796778496,800796778496,0,-1,-1,-1
6800,4,1700,1,4,4,534756.237005,534756.276227,0.039222,0x4056d3,40,100.000000,1,1,0.063685,1.200000,0.800000,cat,14,7ffe,1,1,30457856,30457856,0,357845655552,357845745664,90112,357845655552,357845745664,90112,-1,-1,-1
6800,4,1700,2,4,4,534756.240231,534756.278847,0.038616,0x4056d3,48,100.000000,1,1,0.063685,1.200000,0.800000,cat,14,7ffe,1,1,30908416,30998528,90112,425103269888,425103269888,0,425103269888,425103269888,0,-1,-1,-1
6800,4,1700,3,4,4,534756.223145,534756.256905,0.033760,0x4056d3,56,100.000000,1,1,0.063685,1.200000,0.800000,cat,1,1,1,1,1802240,1892352,90112,859751563264,859751563264,0,859751563264,859751563264,0,-1,-1,-1
6801,5,1700,0,4,4,534756.344980,534756.366159,0.021179,0x40573a,32,100.000000,1,1,0.047999,1.200000,0.800000,cat,1,1,1,1,3153920,3244032,90112,800796868608,800796868608,0,800796868608,800796868608,0,-1,-1,-1
6801,5,1700,1,4,4,534756.359411,534756.392979,0.033568,0x40573a,40,100.000000,1,1,0.047999,1.200000,0.800000,cat,14,7ffe,1,1,30457856,30547968,90112,357845745664,357845745664,0,357845745664,357845745664,0,-1,-1,-1
6801,5,1700,2,4,4,534756.357591,534756.389461,0.031870,0x40573a,48,100.000000,1,1,0.047999,1.200000,0.800000,cat,14,7ffe,1,1,30998528,31268864,270336,425103269888,425103360000,90112,425103269888,425103360000,90112,-1,-1,-1
6801,5,1700,3,4,4,534756.355225,534756.375517,0.020292,0x40573a,56,100.000000,1,1,0.047999,1.200000,0.800000,cat,1,1,1,1,1892352,1802240,-90112,859751563264,859751653376,90112,859751563264,859751653376,90112,-1,-1,-1
7198,2,1800,0,4,4,565719.247065,566035.776568,165.665047,0x4055d2,32,100.000000,1,1,317.127103,1.200000,0.800000,cat,1,1,1,1,2703360,2072576,180224,846382096384,846835089408,451821568,846382096384,846835089408,451911680,-1,-1,-1
7198,2,1800,1,4,4,565719.245041,566036.370130,309.626268,0x4055d2,40,100.000000,1,1,317.127103,1.200000,0.800000,cat,14,7ffe,1,1,30908416,31358976,630784,378491486208,378678198272,186712064,378491486208,378678198272,186712064,-1,-1,-1
7198,2,1800,2,4,4,565719.248088,566036.311373,314.416521,0x4055d2,48,100.000000,1,1,317.127103,1.200000,0.800000,cat,14,7ffe,1,1,29827072,28655616,270336,449197056000,449448468480,251322368,449197056000,449448468480,251412480,-1,-1,-1
7198,2,1800,3,4,4,565719.243027,566035.777607,161.648631,0x4055d2,56,100.000000,1,1,317.127103,1.200000,0.800000,cat,1,1,1,1,1531904,1892352,2162688,909613416448,910116061184,502284288,909613416448,910116061184,502284288,-1,-1,-1
7199,3,1800,0,4,4,566036.501172,566036.806815,0.305643,0x405623,32,100.000000,1,1,0.396789,1.200000,0.800000,cat,1,1,1,1,2252800,2252800,0,846835269632,846836711424,1441792,846835269632,846836711424,1441792,-1,-1,-1
7199,3,1800,1,4,4,566036.479871,566036.841465,0.361594,0x405623,40,100.000000,1,1,0.396789,1.200000,0.800000,cat,14,7ffe,1,1,31358976,31449088,90112,378678198272,378678378496,180224,378678198272,378678378496,180224,-1,-1,-1
7199,3,1800,2,4,4,566036.514555,566036.876660,0.362105,0x405623,48,100.000000,1,1,0.396789,1.200000,0.800000,cat,14,7ffe,1,1,28925952,28835840,-90112,449448468480,449448738816,270336,449448468480,449448738816,270336,-1,-1,-1
7199,3,1800,3,4,4,566036.488353,566036.781583,0.293230,0x405623,56,100.000000,1,1,0.396789,1.200000,0.800000,cat,1,1,1,1,1892352,1712128,-180224,910116061184,910118223872,2162688,910116061184,910118223872,2162688,-1,-1,-1
7200,4,1800,0,4,4,566036.982920,566037.009635,0.026715,0x4056d3,32,100.000000,1,1,0.073424,1.200000,0.800000,cat,1,1,1,1,2613248,2703360,90112,846837702656,846837972992,270336,846837702656,846837972992,270336,-1,-1,-1
7200,4,1800,1,4,4,566037.004080,566037.045866,0.041786,0x4056d3,40,100.000000,1,1,0.073424,1.200000,0.800000,cat,14,7ffe,1,1,31449088,31449088,0,378678378496,378678378496,0,378678378496,378678378496,0,-1,-1,-1
7200,4,1800,2,4,4,566037.016487,566037.056344,0.039857,0x4056d3,48,100.000000,1,1,0.073424,1.200000,0.800000,cat,14,7ffe,1,1,28925952,28925952,0,449448738816,449448738816,0,449448738816,449448738816,0,-1,-1,-1
7200,4,1800,3,4,4,566036.990928,566037.024757,0.033829,0x4056d3,56,100.000000,1,1,0.073424,1.200000,0.800000,cat,1,1,1,1,1802240,1802240,0,910118223872,910118223872,0,910118223872,910118223872,0,-1,-1,-1
7201,5,1800,0,4,4,566037.120131,566037.140984,0.020853,0x40573a,32,100.000000,1,1,0.057934,1.200000,0.800000,cat,1,1,1,1,2703360,2793472,90112,846837972992,846837972992,0,846837972992,846837972992,0,-1,-1,-1
7201,5,1800,1,4,4,566037.137371,566037.171213,0.033842,0x40573a,40,100.000000,1,1,0.057934,1.200000,0.800000,cat,14,7ffe,1,1,31539200,31449088,-90112,378678378496,378678378496,0,378678378496,378678378496,0,-1,-1,-1
7201,5,1800,2,4,4,566037.143996,566037.178065,0.034069,0x40573a,48,100.000000,1,1,0.057934,1.200000,0.800000,cat,14,7ffe,1,1,29016064,28925952,-90112,449448738816,449448828928,90112,449448738816,449448828928,90112,-1,-1,-1
7201,5,1800,3,4,4,566037.129883,566037.149682,0.019799,0x40573a,56,100.000000,1,1,0.057934,1.200000,0.800000,cat,1,1,1,1,1892352,1892352,0,910118223872,910118223872,0,910118223872,910118223872,0,-1,-1,-1
7598,2,1900,0,4,4,596514.913060,596823.619031,164.296498,0x4055d2,32,100.000000,1,1,309.275151,1.200000,0.800000,cat,1,1,1,1,2613248,1531904,-270336,892008235008,892459786240,450289664,892008235008,892459786240,449929216,-1,-1,-1
7598,2,1900,1,4,4,596514.908429,596824.183580,302.744614,0x4055d2,40,100.000000,1,1,309.275151,1.200000,0.800000,cat,14,7ffe,1,1,30908416,30367744,630784,399018639360,399225626624,206987264,399018639360,399225626624,206987264,-1,-1,-1
7598,2,1900,2,4,4,596514.911497,596824.129545,306.479942,0x4055d2,48,100.000000,1,1,309.275151,1.200000,0.800000,cat,14,7ffe,1,1,30547968,30187520,1441792,473483771904,473720135680,236363776,473483771904,473720135680,236363776,-1,-1,-1
7598,2,1900,3,4,4,596514.915440,596823.614199,159.442429,0x4055d2,56,100.000000,1,1,309.275151,1.200000,0.800000,cat,1,1,1,1,1982464,2162688,1712128,959504646144,959988187136,483270656,959504646144,959988187136,483270656,-1,-1,-1
7599,3,1900,0,4,4,596824.288841,596824.593809,0.304968,0x405623,32,100.000000,1,1,0.398525,1.200000,0.800000,cat,1,1,1,1,1712128,1892352,180224,892460056576,892461318144,1261568,892460056576,892461318144,1261568,-1,-1,-1
7599,3,1900,1,4,4,596824.320893,596824.687366,0.366473,0x405623,40,100.000000,1,1,0.398525,1.200000,0.800000,cat,14,7ffe,1,1,30367744,30547968,180224,399225626624,399225806848,180224,399225626624,399225806848,180224,-1,-1,-1
7599,3,1900,2,4,4,596824.309524,596824.674317,0.364793,0x405623,48,100.000000,1,1,0.398525,1.200000,0.800000,cat,14,7ffe,1,1,30457856,30547968,90112,473720135680,473720496128,360448,473720135680,473720496128,360448,-1,-1,-1
7599,3,1900,3,4,4,596824.314450,596824.603121,0.288671,0x405623,56,100.000000,1,1,0.398525,1.200000,0.800000,cat,1,1,1,1,2162688,1892352,-270336,959988277248,959990169600,1892352,959988277248,959990169600,1892352,-1,-1,-1
7600,4,1900,0,4,4,596824.786309,596824.817806,0.031497,0x4056d3,32,100.000000,1,1,0.070734,1.200000,0.800000,cat,1,1,1,1,2342912,2342912,0,892462039040,892462039040,0,892462039040,892462039040,0,-1,-1,-1
7600,4,1900,1,4,4,596824.809641,596824.848937,0.039296,0x4056d3,40,100.000000,1,1,0.070734,1.200000,0.800000,cat,14,7ffe,1,1,30547968,30547968,0,399225806848,399225806848,0,399225806848,399225806848,0,-1,-1,-1
7600,4,1900,2,4,4,596824.816795,596824.857043,0.040248,0x4056d3,48,100.000000,1,1,0.070734,1.200000,0.800000,cat,14,7ffe,1,1,30547968,30638080,90112,473720496128,473720496128,0,473720496128,473720496128,0,-1,-1,-1
7600,4,1900,3,4,4,596824.800169,596824.824668,0.024499,0x4056d3,56,100.000000,1,1,0.070734,1.200000,0.800000,cat,1,1,1,1,1802240,1892352,90112,959990169600,959990259712,90112,959990169600,959990259712,90112,-1,-1,-1
7601,5,1900,0,4,4,596824.930090,596824.950745,0.020655,0x40573a,32,100.000000,1,1,0.060090,1.200000,0.800000,cat,1,1,1,1,2433024,2523136,90112,892462129152,892462129152,0,892462129152,892462129152,0,-1,-1,-1
7601,5,1900,1,4,4,596824.948050,596824.981325,0.033275,0x40573a,40,100.000000,1,1,0.060090,1.200000,0.800000,cat,14,7ffe,1,1,30547968,30547968,0,399225896960,399225896960,0,399225896960,399225896960,0,-1,-1,-1
7601,5,1900,2,4,4,596824.956105,596824.990180,0.034075,0x40573a,48,100.000000,1,1,0.060090,1.200000,0.800000,cat,14,7ffe,1,1,30818304,30998528,180224,473720496128,473720496128,0,473720496128,473720496128,0,-1,-1,-1
7601,5,1900,3,4,4,596824.939655,596824.959731,0.020076,0x40573a,56,100.000000,1,1,0.060090,1.200000,0.800000,cat,1,1,1,1,1982464,1892352,-90112,959990259712,959990259712,0,959990259712,959990349824,90112,-1,-1,-1
7998,2,2000,0,4,4,627782.303588,628097.604326,162.990838,0x4055d2,0,100.000000,1,1,315.901525,1.200000,0.800000,cat,1,1,1,1,2703360,2072576,540672,936764252160,937207783424,443260928,936764342272,937207783424,442900480,-1,-1,-1
7998,2,2000,1,4,4,627782.281124,628098.182649,314.044661,0x4055d2,40,100.000000,1,1,315.901525,1.200000,0.800000,cat,14,7ffe,1,1,30998528,30367744,180224,419316006912,419522002944,205996032,419316006912,419522002944,205996032,-1,-1,-1
7998,2,2000,2,4,4,627782.284663,628098.127462,308.224403,0x4055d2,48,100.000000,1,1,315.901525,1.200000,0.800000,cat,14,7ffe,1,1,30277632,29556736,4235264,497458429952,497703624704,244744192,497458429952,497703624704,244744192,-1,-1,-1
7998,2,2000,3,4,4,627782.283413,628097.604712,161.710744,0x4055d2,56,100.000000,1,1,315.901525,1.200000,0.800000,cat,1,1,1,1,2252800,2252800,1982464,1008888725504,1009377402880,488407040,1008888725504,1009377402880,488497152,-1,-1,-1
7999,3,2000,0,4,4,628098.318284,628098.623502,0.305218,0x405623,0,100.000000,1,1,0.395046,1.200000,0.800000,cat,1,1,1,1,2433024,2252800,-180224,937208053760,937209585664,1531904,937208053760,937209585664,1531904,-1,-1,-1
7999,3,2000,1,4,4,628098.294637,628098.654550,0.359913,0x405623,40,100.000000,1,1,0.395046,1.200000,0.800000,cat,14,7ffe,1,1,30367744,30547968,180224,419522002944,419522453504,450560,419522002944,419522453504,450560,-1,-1,-1
7999,3,2000,2,4,4,628098.331861,628098.689683,0.357822,0x405623,48,100.000000,1,1,0.395046,1.200000,0.800000,cat,14,7ffe,1,1,30277632,30367744,90112,497703624704,497703985152,360448,497703624704,497703985152,360448,-1,-1,-1
7999,3,2000,3,4,4,628098.303633,628098.595428,0.291795,0x405623,56,100.000000,1,1,0.395046,1.200000,0.800000,cat,1,1,1,1,2252800,2072576,-180224,1009377402880,1009379475456,2072576,1009377402880,1009379475456,2072576,-1,-1,-1
8000,4,2000,0,4,4,628098.791895,628098.818650,0.026755,0x4056d3,0,100.000000,1,1,0.065131,1.200000,0.800000,cat,1,1,1,1,2703360,2703360,0,937210216448,937210306560,90112,937210216448,937210306560,90112,-1,-1,-1
8000,4,2000,1,4,4,628098.811278,628098.851569,0.040291,0x4056d3,40,100.000000,1,1,0.065131,1.200000,0.800000,cat,14,7ffe,1,1,30547968,30638080,90112,419522453504,419522453504,0,419522453504,419522453504,0,-1,-1,-1
8000,4,2000,2,4,4,628098.817273,628098.857026,0.039753,0x4056d3,48,100.000000,1,1,0.065131,1.200000,0.800000,cat,14,7ffe,1,1,30457856,30457856,0,497703985152,497703985152,0,497703985152,497703985152,0,-1,-1,-1
8000,4,2000,3,4,4,628098.799829,628098.833656,0.033827,0x4056d3,56,100.000000,1,1,0.065131,1.200000,0.800000,cat,1,1,1,1,2072576,1982464,-90112,1009379475456,1009379475456,0,1009379475456,1009379475456,0,-1,-1,-1
8001,5,2000,0,4,4,628098.919731,628098.939745,0.020014,0x40573a,0,100.000000,1,1,0.058941,1.200000,0.800000,cat,1,1,1,1,2613248,2613248,0,937210396672,937210396672,0,937210396672,937210396672,0,-1,-1,-1
8001,5,2000,1,4,4,628098.937769,628098.970634,0.032865,0x40573a,40,100.000000,1,1,0.058941,1.200000,0.800000,cat,14,7ffe,1,1,30638080,30638080,0,419522543616,419522543616,0,419522543616,419522543616,0,-1,-1,-1
8001,5,2000,2,4,4,628098.944418,628098.978672,0.034254,0x40573a,48,100.000000,1,1,0.058941,1.200000,0.800000,cat,14,7ffe,1,1,30367744,30457856,90112,497704075264,497704075264,0,497704075264,497704075264,0,-1,-1,-1
8001,5,2000,3,4,4,628098.931109,628098.951252,0.020143,0x40573a,56,100.000000,1,1,0.058941,1.200000,0.800000,cat,1,1,1,1,1982464,1982464,0,1009379475456,1009379565568,90112,1009379475456,1009379565568,90112,-1,-1,-1
