parallel_id,region_id,region_exec,thread_id,team_size,requested_threads,start_ms,end_ms,elapsed_ms,codeptr,cpu_id,target_mhz,measured_mhz,resource_applied
398,2,100,0,4,4,492.465174,495.687928,3.061214,0x40500b,0,3850.101116,3855.743375,1
398,2,100,1,4,4,492.464767,495.687356,3.101832,0x40500b,40,4300.000000,4299.680910,1
398,2,100,2,4,4,492.464751,495.686189,2.911491,0x40500b,48,3085.523551,3122.879876,1
398,2,100,3,4,4,492.464805,495.684034,3.015161,0x40500b,56,2970.255827,3018.227230,1
399,3,100,0,4,4,495.774515,495.958610,0.184095,0x40504c,0,3503.168046,3800.618859,1
399,3,100,1,4,4,495.773979,495.954058,0.180079,0x40504c,40,3177.134645,4300.000000,1
399,3,100,2,4,4,495.774313,495.951921,0.177608,0x40504c,48,4198.615053,3000.000000,1
399,3,100,3,4,4,495.774172,495.957503,0.183331,0x40504c,56,4300.000000,2900.000000,1
400,4,100,0,4,4,496.133065,496.162590,0.029525,0x4050f7,0,4300.000000,4289.923000,1
400,4,100,1,4,4,496.131791,496.156957,0.025166,0x4050f7,40,906.930014,4300.000000,1
400,4,100,2,4,4,496.131662,496.151420,0.019758,0x4050f7,48,800.000000,4102.109053,1
400,4,100,3,4,4,496.131742,496.152634,0.020892,0x4050f7,56,800.000000,3940.911318,1
401,5,100,0,4,4,496.219126,496.243100,0.023974,0x405149,0,800.000000,4296.392617,1
401,5,100,1,4,4,496.219048,496.248349,0.029301,0x405149,40,4300.000000,4298.519793,1
401,5,100,2,4,4,496.219413,496.238677,0.019264,0x405149,48,800.000000,4097.853403,1
401,5,100,3,4,4,496.219298,496.237660,0.018362,0x405149,56,800.000000,4297.637363,1
798,2,200,0,4,4,964.118818,967.541480,3.104555,0x40500b,0,3741.761446,3802.125643,1
798,2,200,1,4,4,964.117204,967.540776,3.114544,0x40500b,40,4300.000000,4299.557900,1
798,2,200,2,4,4,964.117267,967.537495,3.045831,0x40500b,48,2848.173754,3001.124013,1
798,2,200,3,4,4,964.117282,967.538152,3.127119,0x40500b,56,2761.352837,2911.539224,1
799,3,200,0,4,4,967.611113,967.794045,0.182932,0x40504c,0,1732.539113,3698.586939,1
799,3,200,1,4,4,967.611214,967.793708,0.182494,0x40504c,40,1078.649398,4299.764086,1
799,3,200,2,4,4,967.611616,967.805862,0.194246,0x40504c,48,2541.538030,2799.711712,1
799,3,200,3,4,4,967.611419,967.808337,0.196918,0x40504c,56,4300.000000,2699.862882,1
800,4,200,0,4,4,967.981230,968.013015,0.031785,0x4050f7,0,1817.327457,3694.240349,1
800,4,200,1,4,4,967.979815,968.004614,0.024799,0x4050f7,40,4300.000000,4296.525253,1
800,4,200,2,4,4,967.980162,968.008591,0.028429,0x4050f7,48,910.260773,2798.016997,1
800,4,200,3,4,4,967.980216,968.009527,0.029311,0x4050f7,56,933.971746,2701.856308,1
801,5,200,0,4,4,968.067903,968.094650,0.026747,0x405149,0,800.000000,3698.611632,1
801,5,200,1,4,4,968.067836,968.096711,0.028875,0x405149,40,4300.000000,4300.000000,1
801,5,200,2,4,4,968.068192,968.096531,0.028339,0x405149,48,800.000000,2799.001070,1
801,5,200,3,4,4,968.068372,968.097521,0.029149,0x405149,56,817.879127,2701.873049,1
1198,2,300,0,4,4,1446.018682,1449.453309,3.133937,0x40500b,0,3616.985033,3716.208040,1
1198,2,300,1,4,4,1446.017804,1449.454651,3.217090,0x40500b,40,4300.000000,4157.436974,1
1198,2,300,2,4,4,1446.017702,1449.455039,3.202571,0x40500b,48,2693.418781,2811.157279,1
1198,2,300,3,4,4,1446.017753,1449.453756,3.089587,0x40500b,56,2704.852292,2915.987332,1
1199,3,300,0,4,4,1449.529444,1449.716624,0.187180,0x40504c,0,1464.974543,3598.463180,1
1199,3,300,1,4,4,1449.529493,1449.717382,0.187889,0x40504c,40,969.457207,4099.781403,1
1199,3,300,2,4,4,1449.529877,1449.745868,0.215991,0x40504c,48,3140.328032,2600.000000,1
1199,3,300,3,4,4,1449.529832,1449.725446,0.195614,0x40504c,56,4300.000000,2700.000000,1
1200,4,300,0,4,4,1449.918810,1449.952364,0.033554,0x4050f7,0,4300.000000,3600.000000,1
1200,4,300,1,4,4,1449.917443,1449.943397,0.025954,0x4050f7,40,800.000000,4100.000000,1
1200,4,300,2,4,4,1449.917770,1449.948145,0.030375,0x4050f7,48,800.000000,2600.862069,1
1200,4,300,3,4,4,1449.917594,1449.947021,0.029427,0x4050f7,56,800.000000,2700.000000,1
1201,5,300,0,4,4,1450.008083,1450.035626,0.027543,0x405149,0,800.000000,3596.078431,1
1201,5,300,1,4,4,1450.008214,1450.038368,0.030154,0x405149,40,4300.000000,4100.000000,1
1201,5,300,2,4,4,1450.008468,1450.038840,0.030372,0x405149,48,800.000000,2598.269551,1
1201,5,300,3,4,4,1450.008489,1450.037686,0.029197,0x405149,56,800.000000,2700.000000,1
1598,2,400,0,4,4,1920.022172,1923.555149,3.174213,0x40500b,0,3674.036888,3685.192921,1
1598,2,400,1,4,4,1920.020807,1923.553279,3.100255,0x40500b,40,4300.000000,4299.652915,1
1598,2,400,2,4,4,1920.020721,1923.551745,3.279741,0x40500b,48,2699.492788,2757.187920,1
1598,2,400,3,4,4,1920.020833,1923.554132,3.283508,0x40500b,56,2675.154530,2753.334471,1
1599,3,400,0,4,4,1923.625161,1923.818326,0.193165,0x40504c,0,2617.768494,3599.627907,1
1599,3,400,1,4,4,1923.625075,1923.805224,0.180149,0x40504c,40,2269.359983,4300.000000,1
1599,3,400,2,4,4,1923.625628,1923.834833,0.209205,0x40504c,48,3908.438667,2599.875658,1
1599,3,400,3,4,4,1923.625494,1923.835599,0.210105,0x40504c,56,4300.000000,2599.876244,1
1600,4,400,0,4,4,1924.009193,1924.042959,0.033766,0x4050f7,0,4300.000000,3594.715208,1
1600,4,400,1,4,4,1924.007905,1924.032647,0.024742,0x4050f7,40,1153.160988,4300.000000,1
1600,4,400,2,4,4,1924.008334,1924.039277,0.030943,0x4050f7,48,800.000000,2601.706037,1
1600,4,400,3,4,4,1924.008209,1924.039020,0.030811,0x4050f7,56,800.000000,2599.145018,1
1601,5,400,0,4,4,1924.099359,1924.126721,0.027362,0x405149,0,800.000000,3609.180328,1
1601,5,400,1,4,4,1924.099653,1924.128834,0.029181,0x405149,40,4300.000000,4300.000000,1
1601,5,400,2,4,4,1924.099765,1924.130025,0.030260,0x405149,48,800.000000,2599.135063,1
1601,5,400,3,4,4,1924.099824,1924.130137,0.030313,0x405149,56,800.000000,2600.000000,1
1998,2,500,0,4,4,2390.421645,2393.720590,3.176462,0x40500b,0,3776.682135,3742.309564,1
1998,2,500,1,4,4,2390.420949,2393.720224,3.094233,0x40500b,40,4300.000000,4299.527181,1
1998,2,500,2,4,4,2390.420807,2393.717120,3.059618,0x40500b,48,2879.101739,2937.502207,1
1998,2,500,3,4,4,2390.420898,2393.719903,3.015203,0x40500b,56,2868.117229,2922.795306,1
1999,3,500,0,4,4,2393.790237,2393.975016,0.184779,0x40504c,0,1842.577322,3696.605321,1
1999,3,500,1,4,4,2393.790168,2393.971952,0.181784,0x40504c,40,1627.735568,4300.000000,1
1999,3,500,2,4,4,2393.790675,2393.977977,0.187302,0x40504c,48,3192.636879,2799.850355,1
1999,3,500,3,4,4,2393.790534,2393.983449,0.192915,0x40504c,56,4300.000000,2799.854719,1
2000,4,500,0,4,4,2394.158507,2394.194713,0.036206,0x4050f7,0,4300.000000,3695.934066,1
2000,4,500,1,4,4,2394.157161,2394.181731,0.024570,0x4050f7,40,1325.502844,4300.000000,1
2000,4,500,2,4,4,2394.157571,2394.188239,0.030668,0x4050f7,48,800.000000,2801.831262,1
2000,4,500,3,4,4,2394.157521,2394.187783,0.030262,0x4050f7,56,800.000000,2798.147536,1
2001,5,500,0,4,4,2394.251048,2394.278154,0.027106,0x405149,0,800.000000,3695.954810,1
2001,5,500,1,4,4,2394.251133,2394.280121,0.028988,0x405149,40,4300.000000,4301.490468,1
2001,5,500,2,4,4,2394.251417,2394.279775,0.028358,0x405149,48,800.000000,2799.003204,1
2001,5,500,3,4,4,2394.251476,2394.279692,0.028216,0x405149,56,800.000000,2800.000000,1
2398,2,600,0,4,4,2862.228780,2865.725165,3.188826,0x40500b,0,3680.279432,3664.284910,1
2398,2,600,1,4,4,2862.228290,2865.724520,3.167026,0x40500b,40,4300.000000,4206.762928,1
2398,2,600,2,4,4,2862.228223,2865.724357,3.186772,0x40500b,48,2750.732809,2829.738911,1
2398,2,600,3,4,4,2862.228310,2865.722760,3.267031,0x40500b,56,2632.481422,2733.363951,1
2399,3,600,0,4,4,2865.795474,2865.968973,0.173499,0x40504c,0,3124.059922,3950.570737,1
2399,3,600,1,4,4,2865.795372,2865.975354,0.179982,0x40504c,40,3366.705630,4300.239062,1
2399,3,600,2,4,4,2865.795743,2865.940236,0.144493,0x40504c,48,4020.084917,3782.555879,1
2399,3,600,3,4,4,2865.795726,2865.943261,0.147535,0x40504c,56,4300.000000,3627.622734,1
2400,4,600,0,4,4,2866.138779,2866.169189,0.030410,0x4050f7,0,4300.000000,4090.623979,1
2400,4,600,1,4,4,2866.137905,2866.162706,0.024801,0x4050f7,40,839.839005,4300.000000,1
2400,4,600,2,4,4,2866.138033,2866.156476,0.018443,0x4050f7,48,800.000000,4300.000000,1
2400,4,600,3,4,4,2866.138314,2866.157646,0.019332,0x4050f7,56,800.000000,4097.878945,1
2401,5,600,0,4,4,2866.224997,2866.249272,0.024275,0x405149,0,800.000000,4088.218391,1
2401,5,600,1,4,4,2866.224792,2866.253557,0.028765,0x405149,40,4300.000000,4300.000000,1
2401,5,600,2,4,4,2866.224734,2866.243210,0.018476,0x405149,48,800.000000,4297.647702,1
2401,5,600,3,4,4,2866.224794,2866.244120,0.019326,0x405149,56,800.000000,4100.000000,1
2798,2,700,0,4,4,3334.007524,3337.429449,3.160707,0x40500b,0,3605.867901,3683.812009,1
2798,2,700,1,4,4,3334.005851,3337.428228,3.099880,0x40500b,40,4300.000000,4299.750121,1
2798,2,700,2,4,4,3334.005965,3337.427703,3.079031,0x40500b,48,2871.539272,3003.803927,1
2798,2,700,3,4,4,3334.005922,3337.433033,3.048357,0x40500b,56,2887.097834,3003.203807,1
2799,3,700,0,4,4,3337.502202,3337.691496,0.189294,0x40504c,0,1067.975401,3599.430950,1
2799,3,700,1,4,4,3337.501503,3337.682858,0.181355,0x40504c,40,800.000000,4300.000000,1
2799,3,700,2,4,4,3337.501926,3337.691733,0.189807,0x40504c,48,1857.539354,2799.704999,1
2799,3,700,3,4,4,3337.501688,3337.690583,0.188895,0x40504c,56,4300.000000,2800.000000,1
2800,4,700,0,4,4,3337.862675,3337.895544,0.032869,0x4050f7,0,4300.000000,3592.328767,1
2800,4,700,1,4,4,3337.862404,3337.887160,0.024756,0x4050f7,40,1285.886859,4301.735270,1
2800,4,700,2,4,4,3337.862793,3337.891237,0.028444,0x4050f7,48,800.000000,2799.004975,1
2800,4,700,3,4,4,3337.862912,3337.891309,0.028397,0x4050f7,56,800.000000,2800.000000,1
2801,5,700,0,4,4,3337.951137,3337.979012,0.027875,0x405149,0,800.000000,3606.484150,1
2801,5,700,1,4,4,3337.950891,3337.979873,0.028982,0x405149,40,4300.000000,4301.478680,1
2801,5,700,2,4,4,3337.951418,3337.979695,0.028277,0x405149,48,800.000000,2799.010601,1
2801,5,700,3,4,4,3337.951267,3337.979599,0.028332,0x405149,56,800.000000,2799.012694,1
3198,2,800,0,4,4,3817.684935,3821.339675,3.214495,0x40500b,0,3565.985130,3631.345808,1
3198,2,800,1,4,4,3817.683041,3821.338888,3.271255,0x40500b,40,4300.000000,4127.582177,1
3198,2,800,2,4,4,3817.683073,3821.339001,3.262025,0x40500b,48,2628.200069,2804.859948,1
3198,2,800,3,4,4,3817.685657,3821.338307,3.253759,0x40500b,56,2712.128278,2786.789736,1
3199,3,800,0,4,4,3821.409006,3821.601730,0.192724,0x40504c,0,2436.836778,3499.092794,1
3199,3,800,1,4,4,3821.408481,3821.596847,0.188366,0x40504c,40,2228.115412,4100.000000,1
3199,3,800,2,4,4,3821.408802,3821.615984,0.207182,0x40504c,48,4038.407092,2600.125598,1
3199,3,800,3,4,4,3821.408653,3821.604515,0.195862,0x40504c,56,4300.000000,2700.000000,1
3200,4,800,0,4,4,3821.788119,3821.822139,0.034020,0x4050f7,0,2849.206480,3494.899446,1
3200,4,800,1,4,4,3821.786627,3821.812591,0.025964,0x4050f7,40,4300.000000,4101.586074,1
3200,4,800,2,4,4,3821.786987,3821.817676,0.030689,0x4050f7,48,947.197151,2600.000000,1
3200,4,800,3,4,4,3821.787039,3821.816808,0.029769,0x4050f7,56,946.808597,2700.000000,1
3201,5,800,0,4,4,3821.878681,3821.903196,0.024515,0x405149,0,800.000000,4095.048309,1
3201,5,800,1,4,4,3821.879077,3821.909609,0.030532,0x405149,40,4300.000000,4100.000000,1
3201,5,800,2,4,4,3821.878982,3821.898565,0.019583,0x405149,48,800.000000,4100.000000,1
3201,5,800,3,4,4,3821.879030,3821.897696,0.018666,0x405149,56,800.000000,4300.000000,1
3598,2,900,0,4,4,4301.853845,4305.306959,3.208876,0x40500b,0,3586.724472,3628.073741,1
3598,2,900,1,4,4,4301.853082,4305.305621,3.110118,0x40500b,40,4300.000000,4299.598775,1
3598,2,900,2,4,4,4301.853086,4305.305677,3.148841,0x40500b,48,2735.254954,2908.912373,1
3598,2,900,3,4,4,4301.853092,4305.302721,3.172620,0x40500b,56,2676.618738,2823.194864,1
3599,3,900,0,4,4,4305.381888,4305.564801,0.182913,0x40504c,0,808.056613,3792.659250,1
3599,3,900,1,4,4,4305.381969,4305.560758,0.178789,0x40504c,40,800.000000,4300.000000,1
3599,3,900,2,4,4,4305.382364,4305.557879,0.175515,0x40504c,48,2772.624560,3197.696880,1
3599,3,900,3,4,4,4305.382167,4305.554515,0.172348,0x40504c,56,4300.000000,3117.008149,1
3600,4,900,0,4,4,4305.734842,4305.767155,0.032313,0x4050f7,0,4300.000000,4293.400859,1
3600,4,900,1,4,4,4305.733840,4305.759819,0.025979,0x4050f7,40,811.764438,4298.317025,1
3600,4,900,2,4,4,4305.734088,4305.753667,0.019579,0x4050f7,48,800.000000,4100.000000,1
3600,4,900,3,4,4,4305.733954,4305.753755,0.019801,0x4050f7,56,800.000000,4097.894196,1
3601,5,900,0,4,4,4305.823499,4305.847707,0.024208,0x405149,0,800.000000,4289.369592,1
3601,5,900,1,4,4,4305.823360,4305.853524,0.030164,0x405149,40,4300.000000,4298.563794,1
3601,5,900,2,4,4,4305.823253,4305.842625,0.019372,0x405149,48,800.000000,4097.857889,1
3601,5,900,3,4,4,4305.823207,4305.842729,0.019522,0x405149,56,800.000000,4097.864583,1
3998,2,1000,0,4,4,4782.260929,4785.614445,3.132463,0x40500b,0,3753.266855,3749.316010,1
3998,2,1000,1,4,4,4782.260032,4785.614268,3.086917,0x40500b,40,4300.000000,4299.637479,1
3998,2,1000,2,4,4,4782.260131,4785.610042,3.094185,0x40500b,48,2813.126133,2948.162778,1
3998,2,1000,3,4,4,4782.260082,4785.610482,3.062461,0x40500b,56,2832.155800,2942.913521,1
3999,3,1000,0,4,4,4785.680938,4785.864743,0.183805,0x40504c,0,1698.451186,3698.995057,1
3999,3,1000,1,4,4,4785.680664,4785.858900,0.178236,0x40504c,40,1223.052048,4299.758820,1
3999,3,1000,2,4,4,4785.681375,4785.875184,0.193809,0x40504c,48,4300.000000,2799.855521,1
3999,3,1000,3,4,4,4785.681067,4785.877826,0.196759,0x40504c,56,4219.516017,2799.857572,1
4000,4,1000,0,4,4,4786.054576,4786.112631,0.058055,0x4050f7,0,4300.000000,1597.264022,1
4000,4,1000,1,4,4,4786.054190,4786.144942,0.090752,0x4050f7,40,800.000000,1200.132188,1
4000,4,1000,2,4,4,4786.052877,4786.071576,0.018699,0x4050f7,48,800.000000,4302.321814,1
4000,4,1000,3,4,4,4786.052982,4786.072455,0.019473,0x4050f7,56,800.000000,4102.124352,1
4001,5,1000,0,4,4,4786.236095,4786.292802,0.056707,0x405149,0,800.000000,1599.438498,1
4001,5,1000,1,4,4,4786.236371,4786.339632,0.103261,0x405149,40,4300.000000,1199.767622,1
4001,5,1000,2,4,4,4786.234479,4786.253055,0.018576,0x405149,48,800.000000,4302.314316,1
4001,5,1000,3,4,4,4786.234534,4786.253833,0.019299,0x405149,56,800.000000,4097.872340,1
4398,2,1100,0,4,4,5268.868583,5272.194664,3.170701,0x40500b,0,3680.393630,3681.075209,1
4398,2,1100,1,4,4,5268.867894,5272.193679,3.054116,0x40500b,40,4300.000000,4299.563153,1
4398,2,1100,2,4,4,5268.867789,5272.193438,3.034773,0x40500b,48,2850.238388,2982.938201,1
4398,2,1100,3,4,4,5268.867857,5272.192336,2.990934,0x40500b,56,2822.355059,3005.732307,1
4399,3,1100,0,4,4,5272.262111,5272.447498,0.185387,0x40504c,0,1823.178857,3598.061494,1
4399,3,1100,1,4,4,5272.262179,5272.440943,0.178764,0x40504c,40,1099.635904,4299.759441,1
4399,3,1100,2,4,4,5272.262539,5272.447256,0.184717,0x40504c,48,3436.367541,2800.000000,1
4399,3,1100,3,4,4,5272.262589,5272.452182,0.189593,0x40504c,56,4300.000000,2799.852204,1
4400,4,1100,0,4,4,5272.623178,5272.659287,0.036109,0x4050f7,0,4300.000000,3597.019868,1
4400,4,1100,1,4,4,5272.622606,5272.648494,0.025888,0x4050f7,40,2553.694676,4301.660873,1
4400,4,1100,2,4,4,5272.622885,5272.651478,0.028593,0x4050f7,48,800.000000,2800.984529,1
4400,4,1100,3,4,4,5272.622938,5272.651415,0.028477,0x4050f7,56,800.000000,2799.015817,1
4401,5,1100,0,4,4,5272.714632,5272.742643,0.028011,0x405149,0,800.000000,3598.716120,1
4401,5,1100,1,4,4,5272.713970,5272.744438,0.030468,0x405149,40,4300.000000,4300.000000,1
4401,5,1100,2,4,4,5272.714439,5272.742945,0.028506,0x405149,48,800.000000,2800.997862,1
4401,5,1100,3,4,4,5272.714708,5272.743023,0.028315,0x405149,56,800.000000,2800.000000,1
4798,2,1200,0,4,4,5744.964118,5748.279650,3.047556,0x40500b,0,3731.327931,3786.156233,1
4798,2,1200,1,4,4,5744.962757,5748.280970,3.070525,0x40500b,40,4300.000000,4245.632980,1
4798,2,1200,2,4,4,5744.962678,5748.275459,2.964644,0x40500b,48,2905.125048,3072.493647,1
4798,2,1200,3,4,4,5744.962818,5748.275521,3.085577,0x40500b,56,2851.762443,2959.351748,1
4799,3,1200,0,4,4,5748.346750,5748.531741,0.184991,0x40504c,0,800.000000,3698.404313,1
4799,3,1200,1,4,4,5748.346826,5748.527901,0.181075,0x40504c,40,800.000000,4099.773280,1
4799,3,1200,2,4,4,5748.347278,5748.528739,0.181461,0x40504c,48,1579.292076,2899.840212,1
4799,3,1200,3,4,4,5748.347051,5748.536112,0.189061,0x40504c,56,4300.000000,2799.703986,1
4800,4,1200,0,4,4,5748.712391,5748.746853,0.034462,0x4050f7,0,4300.000000,3688.321377,1
4800,4,1200,1,4,4,5748.710733,5748.738265,0.027532,0x4050f7,40,800.000000,4097.032211,1
4800,4,1200,2,4,4,5748.711149,5748.738990,0.027841,0x4050f7,48,800.000000,2901.058008,1
4800,4,1200,3,4,4,5748.711040,5748.739696,0.028656,0x4050f7,56,800.000000,2801.981599,1
4801,5,1200,0,4,4,5748.804573,5748.828528,0.023955,0x405149,0,800.000000,4292.921811,1
4801,5,1200,1,4,4,5748.804876,5748.837199,0.032323,0x405149,40,4300.000000,4098.713927,1
4801,5,1200,2,4,4,5748.804817,5748.824337,0.019520,0x405149,48,800.000000,4102.139875,1
4801,5,1200,3,4,4,5748.804931,5748.823470,0.018539,0x405149,56,800.000000,4300.000000,1
5198,2,1300,0,4,4,6211.119959,6214.288562,2.986437,0x40500b,0,3930.249831,3917.645899,1
5198,2,1300,1,4,4,6211.118891,6214.290465,3.086920,0x40500b,40,4300.000000,4118.988499,1
5198,2,1300,2,4,4,6211.118786,6214.286977,2.939344,0x40500b,48,3076.380327,3060.684168,1
5198,2,1300,3,4,4,6211.118926,6214.283963,2.824131,0x40500b,56,3165.521377,3158.955499,1
5199,3,1300,0,4,4,6214.361579,6214.543960,0.182381,0x40504c,0,3060.391609,3726.450624,1
5199,3,1300,1,4,4,6214.361130,6214.543311,0.182181,0x40504c,40,3488.710784,3969.570471,1
5199,3,1300,2,4,4,6214.361208,6214.541045,0.179837,0x40504c,48,3481.301869,3031.530879,1
5199,3,1300,3,4,4,6214.361464,6214.534399,0.172935,0x40504c,56,4300.000000,3187.298737,1
5200,4,1300,0,4,4,6214.715958,6214.752069,0.036111,0x4050f7,0,4300.000000,2996.703297,1
5200,4,1300,1,4,4,6214.714418,6214.748048,0.033630,0x4050f7,40,1136.863318,3400.000000,1
5200,4,1300,2,4,4,6214.714516,6214.738277,0.023761,0x4050f7,48,800.000000,3400.000000,1
5200,4,1300,3,4,4,6214.714368,6214.733643,0.019275,0x4050f7,56,800.000000,4297.720042,1
5201,5,1300,0,4,4,6214.810957,6214.842865,0.031908,0x405149,0,800.000000,2997.180451,1
5201,5,1300,1,4,4,6214.810681,6214.848679,0.037998,0x405149,40,4300.000000,3400.000000,1
5201,5,1300,2,4,4,6214.810857,6214.834145,0.023288,0x405149,48,800.000000,3398.527501,1
5201,5,1300,3,4,4,6214.810600,6214.829116,0.018516,0x405149,56,800.000000,4300.000000,1
5598,2,1400,0,4,4,6655.646452,6658.762774,2.903545,0x40500b,0,3956.648147,3981.301257,1
5598,2,1400,1,4,4,6655.645961,6658.765147,2.853510,0x40500b,40,4300.000000,4299.517107,1
5598,2,1400,2,4,4,6655.645818,6658.762329,2.745420,0x40500b,48,3065.170507,3234.111271,1
5598,2,1400,3,4,4,6655.648390,6658.762251,2.882814,0x40500b,56,3050.943247,3179.541981,1
5599,3,1400,0,4,4,6658.831165,6658.996697,0.165532,0x40504c,0,1618.931566,3936.560955,1
5599,3,1400,1,4,4,6658.830775,6658.999906,0.169131,0x40504c,40,800.000000,4300.000000,1
5599,3,1400,2,4,4,6658.830914,6658.992698,0.161784,0x40504c,48,4300.000000,3362.200335,1
5599,3,1400,3,4,4,6658.830852,6658.990710,0.159858,0x40504c,56,3941.415602,3295.604120,1
5600,4,1400,0,4,4,6659.163386,6659.198561,0.035175,0x4050f7,0,4300.000000,4097.680339,1
5600,4,1400,1,4,4,6659.162592,6659.190326,0.027734,0x4050f7,40,1218.714832,4300.000000,1
5600,4,1400,2,4,4,6659.162769,6659.181520,0.018751,0x4050f7,48,800.000000,4297.675676,1
5600,4,1400,3,4,4,6659.162724,6659.181462,0.018738,0x4050f7,56,800.000000,4300.000000,1
5601,5,1400,0,4,4,6659.251989,6659.276139,0.024150,0x405149,0,800.000000,4094.885655,1
5601,5,1400,1,4,4,6659.251745,6659.281928,0.030183,0x405149,40,4300.000000,4300.000000,1
5601,5,1400,2,4,4,6659.251688,6659.270293,0.018605,0x405149,48,800.000000,4302.347162,1
5601,5,1400,3,4,4,6659.251799,6659.270361,0.018562,0x405149,56,800.000000,4300.000000,1
5998,2,1500,0,4,4,7102.271202,7105.376524,2.844483,0x40500b,0,4024.484545,4006.758136,1
5998,2,1500,1,4,4,7102.269966,7105.378118,2.857140,0x40500b,40,4300.000000,4119.095664,1
5998,2,1500,2,4,4,7102.270034,7105.376087,2.927982,0x40500b,48,3056.308439,3100.275510,1
5998,2,1500,3,4,4,7102.270218,7105.375547,2.839062,0x40500b,56,3107.720189,3178.244746,1
5999,3,1500,0,4,4,7105.444522,7105.612242,0.167720,0x40504c,0,2216.409168,3998.570748,1
5999,3,1500,1,4,4,7105.444084,7105.605454,0.161370,0x40504c,40,1482.347420,4299.733151,1
5999,3,1500,2,4,4,7105.444251,7105.618506,0.174255,0x40504c,48,3137.635576,3000.000000,1
5999,3,1500,3,4,4,7105.444395,7105.620115,0.175720,0x40504c,56,4300.000000,3099.823201,1
6000,4,1500,0,4,4,7105.791646,7105.825205,0.033559,0x4050f7,0,1803.252830,3994.079337,1
6000,4,1500,1,4,4,7105.790764,7105.816827,0.026063,0x4050f7,40,4300.000000,4298.328799,1
6000,4,1500,2,4,4,7105.790926,7105.817764,0.026838,0x4050f7,48,800.000000,3001.135503,1
6000,4,1500,3,4,4,7105.791025,7105.816753,0.025728,0x4050f7,56,800.000000,3096.361502,1
6001,5,1500,0,4,4,7105.884860,7105.909237,0.024377,0x405149,0,800.000000,4094.956950,1
6001,5,1500,1,4,4,7105.884525,7105.914438,0.029913,0x405149,40,4300.000000,4298.545823,1
6001,5,1500,2,4,4,7105.884756,7105.904364,0.019608,0x405149,48,800.000000,4102.137643,1
6001,5,1500,3,4,4,7105.884712,7105.903212,0.018500,0x405149,56,800.000000,4297.628240,1
6398,2,1600,0,4,4,7514.657854,7517.706346,2.796203,0x40500b,32,3385.563612,3418.133633,1
6398,2,1600,1,4,4,7514.657628,7517.709495,2.613860,0x40500b,40,4300.000000,4336.043319,1
6398,2,1600,2,4,4,7514.657649,7517.705099,2.804402,0x40500b,48,3182.042844,3244.694029,1
6398,2,1600,3,4,4,7514.657394,7517.708125,2.839493,0x40500b,56,3055.873994,3122.441730,1
6399,3,1600,0,4,4,7517.786024,7517.954253,0.168229,0x40504c,32,1715.463606,3310.247728,1
6399,3,1600,1,4,4,7517.786450,7517.939720,0.153270,0x40504c,40,800.000000,4299.718991,1
6399,3,1600,2,4,4,7517.786707,7517.955902,0.169195,0x40504c,48,4300.000000,3124.474697,1
6399,3,1600,3,4,4,7517.786578,7517.959713,0.173135,0x40504c,56,3946.685593,3054.045757,1
6400,4,1600,0,4,4,7518.018564,7518.040180,0.021616,0x4050f7,32,936.695964,4101.890272,1
6400,4,1600,1,4,4,7518.019045,7518.044489,0.025444,0x4050f7,40,4300.000000,4300.000000,1
6400,4,1600,2,4,4,7518.019185,7518.038768,0.019583,0x4050f7,48,800.000000,4100.000000,1
6400,4,1600,3,4,4,7518.019098,7518.038697,0.019599,0x4050f7,56,815.707370,4097.873444,1
6401,5,1600,0,4,4,7518.087392,7518.109124,0.021732,0x405149,32,800.000000,4100.000000,1
6401,5,1600,1,4,4,7518.087841,7518.116959,0.029118,0x405149,40,4300.000000,4300.000000,1
6401,5,1600,2,4,4,7518.087907,7518.107574,0.019667,0x405149,48,800.000000,4100.000000,1
6401,5,1600,3,4,4,7518.088080,7518.107314,0.019234,0x405149,56,800.000000,4100.000000,1
6798,2,1700,0,4,4,7905.123927,7907.968010,2.547676,0x40500b,0,3803.872632,3873.277341,1
6798,2,1700,1,4,4,7905.123124,7907.967002,2.693035,0x40500b,40,4300.000000,4127.181147,1
6798,2,1700,2,4,4,7905.123067,7907.961588,2.531813,0x40500b,48,3435.933084,3507.704897,1
6798,2,1700,3,4,4,7905.123180,7907.958749,2.610714,0x40500b,56,3439.696905,3507.709817,1
6799,3,1700,0,4,4,7908.039930,7908.194862,0.154932,0x40504c,0,1710.454901,3799.016945,1
6799,3,1700,1,4,4,7908.039918,7908.199102,0.159184,0x40504c,40,1062.815648,4099.742057,1
6799,3,1700,2,4,4,7908.039760,7908.203608,0.163848,0x40504c,48,4300.000000,3399.583894,1
6799,3,1700,3,4,4,7908.039866,7908.199086,0.159220,0x40504c,56,2704.044532,3399.786338,1
6800,4,1700,0,4,4,7908.304564,7908.331313,0.026749,0x4050f7,0,800.000000,3802.876609,1
6800,4,1700,1,4,4,7908.304418,7908.331434,0.027016,0x4050f7,40,4300.000000,4101.519644,1
6800,4,1700,2,4,4,7908.304680,7908.328083,0.023403,0x4050f7,48,800.000000,3398.538891,1
6800,4,1700,3,4,4,7908.304629,7908.328166,0.023537,0x4050f7,56,800.000000,3402.896082,1
6801,5,1700,0,4,4,7908.382795,7908.406830,0.024035,0x405149,0,800.000000,3795.232120,1
6801,5,1700,1,4,4,7908.382437,7908.412069,0.029632,0x405149,40,4300.000000,4100.000000,1
6801,5,1700,2,4,4,7908.382969,7908.406224,0.023255,0x405149,48,800.000000,3398.521739,1
6801,5,1700,3,4,4,7908.382737,7908.405894,0.023157,0x405149,56,800.000000,3400.000000,1
7198,2,1800,0,4,4,8299.739582,8302.493674,2.463839,0x40500b,0,3721.140648,3805.226545,1
7198,2,1800,1,4,4,8299.739360,8302.498920,2.620937,0x40500b,40,4300.000000,4099.514624,1
7198,2,1800,2,4,4,8299.739392,8302.495717,2.485947,0x40500b,48,3522.668626,3639.622717,1
7198,2,1800,3,4,4,8299.739119,8302.492108,2.521078,0x40500b,56,3481.740187,3547.624563,1
7199,3,1800,0,4,4,8302.562723,8302.706401,0.143678,0x40504c,0,2932.478066,3970.243324,1
7199,3,1800,1,4,4,8302.562425,8302.714630,0.152205,0x40504c,40,1693.227001,4100.000000,1
7199,3,1800,2,4,4,8302.562658,8302.700859,0.138201,0x40504c,48,4300.000000,3867.863880,1
7199,3,1800,3,4,4,8302.562791,8302.702214,0.139423,0x40504c,56,3543.443563,3837.245595,1
7200,4,1800,0,4,4,8302.820721,8302.843539,0.022818,0x4050f7,0,902.075929,4120.000000,1
7200,4,1800,1,4,4,8302.820531,8302.846630,0.026099,0x4050f7,40,4300.000000,4100.000000,1
7200,4,1800,2,4,4,8302.820424,8302.840198,0.019774,0x4050f7,48,1012.801894,4097.871236,1
7200,4,1800,3,4,4,8302.820378,8302.840257,0.019879,0x4050f7,56,800.000000,4097.887687,1
7201,5,1800,0,4,4,8302.894917,8302.915574,0.020657,0x405149,0,800.000000,4100.000000,1
7201,5,1800,1,4,4,8302.895026,8302.925445,0.030419,0x405149,40,4300.000000,4098.638326,1
7201,5,1800,2,4,4,8302.894823,8302.914326,0.019503,0x405149,48,800.000000,4100.000000,1
7201,5,1800,3,4,4,8302.894975,8302.914495,0.019520,0x405149,56,800.000000,4102.148847,1
7598,2,1900,0,4,4,8681.819082,8684.820412,2.492557,0x40500b,0,3786.245225,3763.739020,1
7598,2,1900,1,4,4,8681.817706,8684.825296,2.552040,0x40500b,40,4300.000000,4115.986507,1
7598,2,1900,2,4,4,8681.817750,8684.821785,2.807624,0x40500b,48,3634.295150,3732.763537,1
7598,2,1900,3,4,4,8681.817625,8684.819414,2.487103,0x40500b,56,3592.891869,3629.298910,1
7599,3,1900,0,4,4,8684.889348,8685.034575,0.145227,0x40504c,0,2812.071861,3699.234799,1
7599,3,1900,1,4,4,8684.889264,8685.035766,0.146502,0x40504c,40,1136.875348,4099.719696,1
7599,3,1900,2,4,4,8684.889637,8685.039548,0.149911,0x40504c,48,4300.000000,3600.000000,1
7599,3,1900,3,4,4,8684.889623,8685.040589,0.150966,0x40504c,56,3949.528956,3500.000000,1
7600,4,1900,0,4,4,8685.144503,8685.168510,0.024007,0x4050f7,0,800.000000,3700.000000,1
7600,4,1900,1,4,4,8685.143973,8685.169413,0.025440,0x4050f7,40,4300.000000,4098.363927,1
7600,4,1900,2,4,4,8685.144192,8685.166522,0.022330,0x4050f7,48,800.000000,3603.278689,1
7600,4,1900,3,4,4,8685.144300,8685.167239,0.022939,0x4050f7,56,800.000000,3500.000000,1
7601,5,1900,0,4,4,8685.223490,8685.246369,0.022879,0x405149,0,800.000000,3696.716948,1
7601,5,1900,1,4,4,8685.223423,8685.252324,0.028901,0x405149,40,4300.000000,4098.563420,1
7601,5,1900,2,4,4,8685.223597,8685.245749,0.022152,0x405149,48,800.000000,3598.346348,1
7601,5,1900,3,4,4,8685.223551,8685.246620,0.023069,0x405149,56,800.000000,3500.000000,1
7998,2,2000,0,4,4,9037.330780,9039.831143,2.330275,0x40500b,32,3994.348812,3942.961696,1
7998,2,2000,1,4,4,9037.331045,9039.834829,2.328929,0x40500b,40,4300.000000,4241.246777,1
7998,2,2000,2,4,4,9037.331202,9039.829674,2.237498,0x40500b,48,4072.068078,4022.245676,1
7998,2,2000,3,4,4,9037.330965,9039.828402,2.240049,0x40500b,56,3910.016793,3987.283942,1
7999,3,2000,0,4,4,9039.901158,9040.035516,0.134358,0x40504c,32,3117.764335,3900.000000,1
7999,3,2000,1,4,4,9039.901622,9040.038566,0.136944,0x40504c,40,1080.117551,4100.000000,1
7999,3,2000,2,4,4,9039.901785,9040.033465,0.131680,0x40504c,48,2183.142327,4000.000000,1
7999,3,2000,3,4,4,9039.901723,9040.036887,0.135164,0x40504c,56,4300.000000,3899.710747,1
8000,4,2000,0,4,4,9040.096814,9040.118898,0.022084,0x4050f7,32,836.282795,3901.767105,1
8000,4,2000,1,4,4,9040.097320,9040.120198,0.022878,0x4050f7,40,4300.000000,4100.000000,1
8000,4,2000,2,4,4,9040.097248,9040.117353,0.020105,0x4050f7,48,800.000000,4000.000000,1
8000,4,2000,3,4,4,9040.097100,9040.117763,0.020663,0x4050f7,56,800.000000,3900.000000,1
8001,5,2000,0,4,4,9040.165600,9040.188829,0.023229,0x405149,32,800.000000,3890.051020,1
8001,5,2000,1,4,4,9040.165917,9040.193375,0.027458,0x405149,40,4300.000000,4096.979742,1
8001,5,2000,2,4,4,9040.166014,9040.187515,0.021501,0x405149,48,800.000000,4000.000000,1
8001,5,2000,3,4,4,9040.165867,9040.188281,0.022414,0x405149,56,800.000000,3896.514745,1
