parallel_id,region_id,region_exec,thread_id,team_size,requested_threads,start_ms,end_ms,elapsed_ms,codeptr,cpu_id,target_mhz,measured_mhz,resource_applied,dvfs_enabled,region_wall_ms,dvfs_enable_ms,dvfs_disable_ms
398,2,100,0,4,4,2856.625483,2882.940846,20.612502,0x404f28,32,1883.357103,2085.503478,1,1,26.406303,1.200000,0.800000
398,2,100,1,4,4,2856.624923,2882.997050,25.694173,0x404f28,40,4800.000000,4482.709761,1,1,26.406303,1.200000,0.800000
398,2,100,2,4,4,2856.624760,2883.029162,21.991258,0x404f28,48,813.384504,840.867572,1,1,26.406303,1.200000,0.800000
398,2,100,3,4,4,2856.624846,2883.031063,21.952595,0x404f28,56,804.860948,840.406442,1,1,26.406303,1.200000,0.800000
399,3,100,0,4,4,2883.180287,2883.276380,0.096093,0x404f80,32,4800.000000,-1.000000,0,0,0.151736,1.200000,0.800000
399,3,100,1,4,4,2883.180256,2883.331992,0.151736,0x404f80,40,4800.000000,-1.000000,0,0,0.151736,1.200000,0.800000
399,3,100,2,4,4,2883.180673,2883.261523,0.080850,0x404f80,48,4800.000000,-1.000000,0,0,0.151736,1.200000,0.800000
399,3,100,3,4,4,2883.180808,2883.260119,0.079311,0x404f80,56,4800.000000,-1.000000,0,0,0.151736,1.200000,0.800000
400,4,100,0,4,4,2883.361321,2883.380958,0.019637,0x405030,32,4800.000000,-1.000000,0,0,0.025411,1.200000,0.800000
400,4,100,1,4,4,2883.361550,2883.386557,0.025007,0x405030,40,4800.000000,-1.000000,0,0,0.025411,1.200000,0.800000
400,4,100,2,4,4,2883.361341,2883.379849,0.018508,0x405030,48,4800.000000,-1.000000,0,0,0.025411,1.200000,0.800000
400,4,100,3,4,4,2883.361146,2883.379562,0.018416,0x405030,56,4800.000000,-1.000000,0,0,0.025411,1.200000,0.800000
401,5,100,0,4,4,2883.398366,2883.418617,0.020251,0x405097,32,4800.000000,-1.000000,0,0,0.029389,1.200000,0.800000
401,5,100,1,4,4,2883.398651,2883.427650,0.028999,0x405097,40,4800.000000,-1.000000,0,0,0.029389,1.200000,0.800000
401,5,100,2,4,4,2883.398843,2883.416648,0.017805,0x405097,48,4800.000000,-1.000000,0,0,0.029389,1.200000,0.800000
401,5,100,3,4,4,2883.398261,2883.416123,0.017862,0x405097,56,4800.000000,-1.000000,0,0,0.029389,1.200000,0.800000
798,2,200,0,4,4,5628.814571,5655.914723,20.604185,0x404f28,32,1880.450046,2099.665888,1,1,27.191548,1.200000,0.800000
798,2,200,1,4,4,5628.814160,5655.971988,26.523441,0x404f28,40,4800.000000,4331.359327,1,1,27.191548,1.200000,0.800000
798,2,200,2,4,4,5628.814028,5655.997771,22.259552,0x404f28,48,811.292612,840.331610,1,1,27.191548,1.200000,0.800000
798,2,200,3,4,4,5628.813896,5656.005444,21.776608,0x404f28,56,800.000000,840.328754,1,1,27.191548,1.200000,0.800000
799,3,200,0,4,4,5656.126510,5656.273471,0.146961,0x404f80,32,4800.000000,-1.000000,0,0,0.192687,1.200000,0.800000
799,3,200,1,4,4,5656.126268,5656.283212,0.156944,0x404f80,40,4800.000000,-1.000000,0,0,0.192687,1.200000,0.800000
799,3,200,2,4,4,5656.126380,5656.318955,0.192575,0x404f80,48,4800.000000,-1.000000,0,0,0.192687,1.200000,0.800000
799,3,200,3,4,4,5656.126878,5656.318297,0.191419,0x404f80,56,4800.000000,-1.000000,0,0,0.192687,1.200000,0.800000
800,4,200,0,4,4,5656.349120,5656.369301,0.020181,0x405030,32,4800.000000,-1.000000,0,0,0.026523,1.200000,0.800000
800,4,200,1,4,4,5656.349469,5656.375520,0.026051,0x405030,40,4800.000000,-1.000000,0,0,0.026523,1.200000,0.800000
800,4,200,2,4,4,5656.348997,5656.367869,0.018872,0x405030,48,4800.000000,-1.000000,0,0,0.026523,1.200000,0.800000
800,4,200,3,4,4,5656.349047,5656.367800,0.018753,0x405030,56,4800.000000,-1.000000,0,0,0.026523,1.200000,0.800000
801,5,200,0,4,4,5656.387517,5656.408192,0.020675,0x405097,32,4800.000000,-1.000000,0,0,0.029647,1.200000,0.800000
801,5,200,1,4,4,5656.387591,5656.417018,0.029427,0x405097,40,4800.000000,-1.000000,0,0,0.029647,1.200000,0.800000
801,5,200,2,4,4,5656.387371,5656.405887,0.018516,0x405097,48,4800.000000,-1.000000,0,0,0.029647,1.200000,0.800000
801,5,200,3,4,4,5656.387461,5656.405723,0.018262,0x405097,56,4800.000000,-1.000000,0,0,0.029647,1.200000,0.800000
1198,2,300,0,4,4,8403.665986,8430.362210,20.285134,0x404f28,32,1861.119802,2157.514281,1,1,26.896029,1.200000,0.800000
1198,2,300,1,4,4,8403.666054,8430.524312,26.139857,0x404f28,40,4800.000000,4348.790027,1,1,26.896029,1.200000,0.800000
1198,2,300,2,4,4,8403.665825,8430.557141,22.207206,0x404f28,48,813.207897,838.942083,1,1,26.896029,1.200000,0.800000
1198,2,300,3,4,4,8403.666072,8430.561854,21.980676,0x404f28,24,802.736499,839.071445,1,1,26.896029,1.200000,0.800000
1199,3,300,0,4,4,8430.647656,8430.731920,0.084264,0x404f80,32,4800.000000,-1.000000,0,0,0.227866,1.200000,0.800000
1199,3,300,1,4,4,8430.648051,8430.804079,0.156028,0x404f80,40,4800.000000,-1.000000,0,0,0.227866,1.200000,0.800000
1199,3,300,2,4,4,8430.648642,8430.875522,0.226880,0x404f80,48,4800.000000,-1.000000,0,0,0.227866,1.200000,0.800000
1199,3,300,3,4,4,8430.648462,8430.874073,0.225611,0x404f80,24,4800.000000,-1.000000,0,0,0.227866,1.200000,0.800000
1200,4,300,0,4,4,8430.907188,8430.926861,0.019673,0x405030,32,4800.000000,-1.000000,0,0,0.123066,1.200000,0.800000
1200,4,300,1,4,4,8430.907945,8430.933341,0.025396,0x405030,40,4800.000000,-1.000000,0,0,0.123066,1.200000,0.800000
1200,4,300,2,4,4,8430.908040,8431.030254,0.122214,0x405030,48,4800.000000,-1.000000,0,0,0.123066,1.200000,0.800000
1200,4,300,3,4,4,8430.908197,8431.003756,0.095559,0x405030,24,4800.000000,-1.000000,0,0,0.123066,1.200000,0.800000
1201,5,300,0,4,4,8431.044451,8431.064838,0.020387,0x405097,32,4800.000000,-1.000000,0,0,0.117959,1.200000,0.800000
1201,5,300,1,4,4,8431.045019,8431.074070,0.029051,0x405097,40,4800.000000,-1.000000,0,0,0.117959,1.200000,0.800000
1201,5,300,2,4,4,8431.045467,8431.162410,0.116943,0x405097,48,4800.000000,-1.000000,0,0,0.117959,1.200000,0.800000
1201,5,300,3,4,4,8431.044967,8431.143492,0.098525,0x405097,24,4800.000000,-1.000000,0,0,0.117959,1.200000,0.800000
1598,2,400,0,4,4,11164.153159,11190.590470,19.255299,0x404f28,32,1934.301477,2279.039008,1,1,26.647566,1.200000,0.800000
1598,2,400,1,4,4,11164.152844,11190.759295,25.880429,0x404f28,40,4800.000000,4431.491077,1,1,26.647566,1.200000,0.800000
1598,2,400,2,4,4,11164.152892,11190.800236,22.119106,0x404f28,16,829.543352,839.008966,1,1,26.647566,1.200000,0.800000
1598,2,400,3,4,4,11164.152670,11190.798593,21.867479,0x404f28,24,827.597520,839.000526,1,1,26.647566,1.200000,0.800000
1599,3,400,0,4,4,11190.881559,11190.958681,0.077122,0x404f80,32,4800.000000,-1.000000,0,0,0.224069,1.200000,0.800000
1599,3,400,1,4,4,11190.882100,11191.036837,0.154737,0x404f80,40,4800.000000,-1.000000,0,0,0.224069,1.200000,0.800000
1599,3,400,2,4,4,11190.882583,11191.105628,0.223045,0x404f80,16,4800.000000,-1.000000,0,0,0.224069,1.200000,0.800000
1599,3,400,3,4,4,11190.882231,11191.102340,0.220109,0x404f80,24,4800.000000,-1.000000,0,0,0.224069,1.200000,0.800000
1600,4,400,0,4,4,11191.135725,11191.155536,0.019811,0x405030,32,4800.000000,-1.000000,0,0,0.096330,1.200000,0.800000
1600,4,400,1,4,4,11191.136278,11191.161861,0.025583,0x405030,40,4800.000000,-1.000000,0,0,0.096330,1.200000,0.800000
1600,4,400,2,4,4,11191.136590,11191.231670,0.095080,0x405030,16,4800.000000,-1.000000,0,0,0.096330,1.200000,0.800000
1600,4,400,3,4,4,11191.136364,11191.232055,0.095691,0x405030,24,4800.000000,-1.000000,0,0,0.096330,1.200000,0.800000
1601,5,400,0,4,4,11191.243854,11191.264070,0.020216,0x405097,32,4800.000000,-1.000000,0,0,0.063285,1.200000,0.800000
1601,5,400,1,4,4,11191.244169,11191.274111,0.029942,0x405097,40,4800.000000,-1.000000,0,0,0.063285,1.200000,0.800000
1601,5,400,2,4,4,11191.244764,11191.307139,0.062375,0x405097,16,4800.000000,-1.000000,0,0,0.063285,1.200000,0.800000
1601,5,400,3,4,4,11191.244654,11191.306951,0.062297,0x405097,24,4800.000000,-1.000000,0,0,0.063285,1.200000,0.800000
1998,2,500,0,4,4,13950.542221,13977.874569,17.204440,0x404f28,32,1934.915069,2598.518264,1,1,27.456045,1.200000,0.800000
1998,2,500,1,4,4,13950.542002,13977.938820,26.692983,0x404f28,40,4800.000000,4301.047826,1,1,27.456045,1.200000,0.800000
1998,2,500,2,4,4,13950.541776,13977.997821,22.424946,0x404f28,16,827.876742,840.454013,1,1,27.456045,1.200000,0.800000
1998,2,500,3,4,4,13950.541838,13977.973833,21.881320,0x404f28,24,811.576960,837.463732,1,1,27.456045,1.200000,0.800000
1999,3,500,0,4,4,13978.126332,13978.267243,0.140911,0x404f80,32,4800.000000,-1.000000,0,0,0.169382,1.200000,0.800000
1999,3,500,1,4,4,13978.126305,13978.281267,0.154962,0x404f80,40,4800.000000,-1.000000,0,0,0.169382,1.200000,0.800000
1999,3,500,2,4,4,13978.126448,13978.295687,0.169239,0x404f80,16,4800.000000,-1.000000,0,0,0.169382,1.200000,0.800000
1999,3,500,3,4,4,13978.126370,13978.293764,0.167394,0x404f80,24,4800.000000,-1.000000,0,0,0.169382,1.200000,0.800000
2000,4,500,0,4,4,13978.332467,13978.352395,0.019928,0x405030,32,4800.000000,-1.000000,0,0,0.025587,1.200000,0.800000
2000,4,500,1,4,4,13978.332623,13978.357874,0.025251,0x405030,40,4800.000000,-1.000000,0,0,0.025587,1.200000,0.800000
2000,4,500,2,4,4,13978.332349,13978.350872,0.018523,0x405030,16,4800.000000,-1.000000,0,0,0.025587,1.200000,0.800000
2000,4,500,3,4,4,13978.332287,13978.350420,0.018133,0x405030,24,4800.000000,-1.000000,0,0,0.025587,1.200000,0.800000
2001,5,500,0,4,4,13978.369905,13978.390432,0.020527,0x405097,32,4800.000000,-1.000000,0,0,0.029287,1.200000,0.800000
2001,5,500,1,4,4,13978.370139,13978.399138,0.028999,0x405097,40,4800.000000,-1.000000,0,0,0.029287,1.200000,0.800000
2001,5,500,2,4,4,13978.370082,13978.388585,0.018503,0x405097,16,4800.000000,-1.000000,0,0,0.029287,1.200000,0.800000
2001,5,500,3,4,4,13978.369851,13978.388423,0.018572,0x405097,24,4800.000000,-1.000000,0,0,0.029287,1.200000,0.800000
2398,2,600,0,4,4,16722.663318,16749.762785,19.895270,0x404f28,32,1908.446863,2193.191068,1,1,27.167408,1.200000,0.800000
2398,2,600,1,4,4,16722.661337,16749.785092,26.441320,0x404f28,40,4800.000000,4346.672616,1,1,27.167408,1.200000,0.800000
2398,2,600,2,4,4,16722.660219,16749.820694,22.108527,0x404f28,16,818.409623,840.917895,1,1,27.167408,1.200000,0.800000
2398,2,600,3,4,4,16722.660076,16749.827484,21.837890,0x404f28,24,804.750883,839.113007,1,1,27.167408,1.200000,0.800000
2399,3,600,0,4,4,16749.947596,16750.088504,0.140908,0x404f80,32,4800.000000,-1.000000,0,0,0.181510,1.200000,0.800000
2399,3,600,1,4,4,16749.947532,16750.103171,0.155639,0x404f80,40,4800.000000,-1.000000,0,0,0.181510,1.200000,0.800000
2399,3,600,2,4,4,16749.947805,16750.129042,0.181237,0x404f80,16,4800.000000,-1.000000,0,0,0.181510,1.200000,0.800000
2399,3,600,3,4,4,16749.947696,16750.127209,0.179513,0x404f80,24,4800.000000,-1.000000,0,0,0.181510,1.200000,0.800000
2400,4,600,0,4,4,16750.158694,16750.178323,0.019629,0x405030,32,4800.000000,-1.000000,0,0,0.025792,1.200000,0.800000
2400,4,600,1,4,4,16750.159119,16750.184486,0.025367,0x405030,40,4800.000000,-1.000000,0,0,0.025792,1.200000,0.800000
2400,4,600,2,4,4,16750.158912,16750.177244,0.018332,0x405030,16,4800.000000,-1.000000,0,0,0.025792,1.200000,0.800000
2400,4,600,3,4,4,16750.158988,16750.177123,0.018135,0x405030,24,4800.000000,-1.000000,0,0,0.025792,1.200000,0.800000
2401,5,600,0,4,4,16750.196723,16750.217276,0.020553,0x405097,32,4800.000000,-1.000000,0,0,0.029717,1.200000,0.800000
2401,5,600,1,4,4,16750.196843,16750.226438,0.029595,0x405097,40,4800.000000,-1.000000,0,0,0.029717,1.200000,0.800000
2401,5,600,2,4,4,16750.196885,16750.215391,0.018506,0x405097,16,4800.000000,-1.000000,0,0,0.029717,1.200000,0.800000
2401,5,600,3,4,4,16750.196721,16750.215325,0.018604,0x405097,24,4800.000000,-1.000000,0,0,0.029717,1.200000,0.800000
2798,2,700,0,4,4,19504.654513,19531.008412,19.644063,0x404f28,32,1932.156160,2201.312461,1,1,26.462280,1.200000,0.800000
2798,2,700,1,4,4,19504.653855,19531.079627,25.729678,0x404f28,40,4800.000000,4434.786237,1,1,26.462280,1.200000,0.800000
2798,2,700,2,4,4,19504.653903,19531.110886,22.164521,0x404f28,16,820.291800,840.430228,1,1,26.462280,1.200000,0.800000
2798,2,700,3,4,4,19504.653643,19531.115923,21.821725,0x404f28,24,817.270937,839.588211,1,1,26.462280,1.200000,0.800000
2799,3,700,0,4,4,19531.234071,19531.374997,0.140926,0x404f80,32,4800.000000,-1.000000,0,0,0.223646,1.200000,0.800000
2799,3,700,1,4,4,19531.234226,19531.389306,0.155080,0x404f80,40,4800.000000,-1.000000,0,0,0.223646,1.200000,0.800000
2799,3,700,2,4,4,19531.234661,19531.457717,0.223056,0x404f80,16,4800.000000,-1.000000,0,0,0.223646,1.200000,0.800000
2799,3,700,3,4,4,19531.234392,19531.454619,0.220227,0x404f80,24,4800.000000,-1.000000,0,0,0.223646,1.200000,0.800000
2800,4,700,0,4,4,19531.520988,19531.564355,0.043367,0x405030,32,4800.000000,-1.000000,0,0,0.095924,1.200000,0.800000
2800,4,700,1,4,4,19531.520975,19531.546606,0.025631,0x405030,40,4800.000000,-1.000000,0,0,0.095924,1.200000,0.800000
2800,4,700,2,4,4,19531.520940,19531.616781,0.095841,0x405030,16,4800.000000,-1.000000,0,0,0.095924,1.200000,0.800000
2800,4,700,3,4,4,19531.521002,19531.616864,0.095862,0x405030,24,4800.000000,-1.000000,0,0,0.095924,1.200000,0.800000
2801,5,700,0,4,4,19531.640369,19531.699292,0.058923,0x405097,32,4800.000000,-1.000000,0,0,0.065610,1.200000,0.800000
2801,5,700,1,4,4,19531.640897,19531.672842,0.031945,0x405097,40,4800.000000,-1.000000,0,0,0.065610,1.200000,0.800000
2801,5,700,2,4,4,19531.641078,19531.705979,0.064901,0x405097,16,4800.000000,-1.000000,0,0,0.065610,1.200000,0.800000
2801,5,700,3,4,4,19531.640980,19531.704703,0.063723,0x405097,24,4800.000000,-1.000000,0,0,0.065610,1.200000,0.800000
3198,2,800,0,4,4,22287.515172,22313.986817,22.762076,0x404f28,32,1896.329097,1866.179272,1,1,26.673375,1.200000,0.800000
3198,2,800,1,4,4,22287.514593,22314.151157,25.990223,0x404f28,40,4800.000000,4350.909379,1,1,26.673375,1.200000,0.800000
3198,2,800,2,4,4,22287.514883,22314.184543,22.158367,0x404f28,16,817.482953,840.423549,1,1,26.673375,1.200000,0.800000
3198,2,800,3,4,4,22287.514758,22314.187968,22.024881,0x404f28,24,807.464264,839.585651,1,1,26.673375,1.200000,0.800000
3199,3,800,0,4,4,22314.269374,22314.346695,0.077321,0x404f80,32,4800.000000,-1.000000,0,0,0.222855,1.200000,0.800000
3199,3,800,1,4,4,22314.269743,22314.423108,0.153365,0x404f80,40,4800.000000,-1.000000,0,0,0.222855,1.200000,0.800000
3199,3,800,2,4,4,22314.270142,22314.492229,0.222087,0x404f80,16,4800.000000,-1.000000,0,0,0.222855,1.200000,0.800000
3199,3,800,3,4,4,22314.270262,22314.490836,0.220574,0x404f80,24,4800.000000,-1.000000,0,0,0.222855,1.200000,0.800000
3200,4,800,0,4,4,22314.522513,22314.542327,0.019814,0x405030,32,4800.000000,-1.000000,0,0,0.096362,1.200000,0.800000
3200,4,800,1,4,4,22314.523058,22314.548621,0.025563,0x405030,40,4800.000000,-1.000000,0,0,0.096362,1.200000,0.800000
3200,4,800,2,4,4,22314.523303,22314.618875,0.095572,0x405030,16,4800.000000,-1.000000,0,0,0.096362,1.200000,0.800000
3200,4,800,3,4,4,22314.523154,22314.618393,0.095239,0x405030,24,4800.000000,-1.000000,0,0,0.096362,1.200000,0.800000
3201,5,800,0,4,4,22314.631243,22314.651866,0.020623,0x405097,32,4800.000000,-1.000000,0,0,0.105671,1.200000,0.800000
3201,5,800,1,4,4,22314.631708,22314.663724,0.032016,0x405097,40,4800.000000,-1.000000,0,0,0.105671,1.200000,0.800000
3201,5,800,2,4,4,22314.632121,22314.736914,0.104793,0x405097,16,4800.000000,-1.000000,0,0,0.105671,1.200000,0.800000
3201,5,800,3,4,4,22314.631985,22314.735884,0.103899,0x405097,24,4800.000000,-1.000000,0,0,0.105671,1.200000,0.800000
3598,2,900,0,4,4,25083.213114,25110.133178,22.627514,0x404f28,0,1846.117424,1856.752007,1,1,27.016129,1.200000,0.800000
3598,2,900,1,4,4,25083.213252,25110.194734,26.296722,0x404f28,40,4800.000000,4299.490281,1,1,27.016129,1.200000,0.800000
3598,2,900,2,4,4,25083.213445,25110.225984,22.157661,0x404f28,16,824.568622,838.673586,1,1,27.016129,1.200000,0.800000
3598,2,900,3,4,4,25083.213029,25110.229158,21.849296,0x404f28,24,812.033170,839.217904,1,1,27.016129,1.200000,0.800000
3599,3,900,0,4,4,25110.366612,25110.512616,0.146004,0x404f80,0,4800.000000,-1.000000,0,0,0.223532,1.200000,0.800000
3599,3,900,1,4,4,25110.366853,25110.521178,0.154325,0x404f80,40,4800.000000,-1.000000,0,0,0.223532,1.200000,0.800000
3599,3,900,2,4,4,25110.367365,25110.590144,0.222779,0x404f80,16,4800.000000,-1.000000,0,0,0.223532,1.200000,0.800000
3599,3,900,3,4,4,25110.367285,25110.588245,0.220960,0x404f80,24,4800.000000,-1.000000,0,0,0.223532,1.200000,0.800000
3600,4,900,0,4,4,25110.644532,25110.693118,0.048586,0x405030,0,4800.000000,-1.000000,0,0,0.101835,1.200000,0.800000
3600,4,900,1,4,4,25110.645135,25110.673529,0.028394,0x405030,40,4800.000000,-1.000000,0,0,0.101835,1.200000,0.800000
3600,4,900,2,4,4,25110.645308,25110.745859,0.100551,0x405030,16,4800.000000,-1.000000,0,0,0.101835,1.200000,0.800000
3600,4,900,3,4,4,25110.645247,25110.746367,0.101120,0x405030,24,4800.000000,-1.000000,0,0,0.101835,1.200000,0.800000
3601,5,900,0,4,4,25110.785693,25110.827208,0.041515,0x405097,0,4800.000000,-1.000000,0,0,0.046915,1.200000,0.800000
3601,5,900,1,4,4,25110.785740,25110.816561,0.030821,0x405097,40,4800.000000,-1.000000,0,0,0.046915,1.200000,0.800000
3601,5,900,2,4,4,25110.786032,25110.832608,0.046576,0x405097,16,4800.000000,-1.000000,0,0,0.046915,1.200000,0.800000
3601,5,900,3,4,4,25110.786015,25110.832515,0.046500,0x405097,24,4800.000000,-1.000000,0,0,0.046915,1.200000,0.800000
3998,2,1000,0,4,4,27887.152639,27915.267198,22.178484,0x404f28,0,1839.956943,1857.463070,1,1,28.217506,1.200000,0.800000
3998,2,1000,1,4,4,27887.152301,27915.329402,27.497723,0x404f28,40,4800.000000,4061.953950,1,1,28.217506,1.200000,0.800000
3998,2,1000,2,4,4,27887.152398,27915.363624,21.938699,0x404f28,16,833.372937,838.900212,1,1,28.217506,1.200000,0.800000
3998,2,1000,3,4,4,27887.152161,27915.369667,21.793657,0x404f28,24,833.391102,839.300706,1,1,28.217506,1.200000,0.800000
3999,3,1000,0,4,4,27915.490936,27915.636126,0.145190,0x404f80,0,4800.000000,-1.000000,0,0,0.228452,1.200000,0.800000
3999,3,1000,1,4,4,27915.491240,27915.644054,0.152814,0x404f80,40,4800.000000,-1.000000,0,0,0.228452,1.200000,0.800000
3999,3,1000,2,4,4,27915.491736,27915.719388,0.227652,0x404f80,16,4800.000000,-1.000000,0,0,0.228452,1.200000,0.800000
3999,3,1000,3,4,4,27915.491757,27915.717485,0.225728,0x404f80,24,4800.000000,-1.000000,0,0,0.228452,1.200000,0.800000
4000,4,1000,0,4,4,27915.779018,27915.824498,0.045480,0x405030,0,4800.000000,-1.000000,0,0,0.059335,1.200000,0.800000
4000,4,1000,1,4,4,27915.778857,27915.806158,0.027301,0x405030,40,4800.000000,-1.000000,0,0,0.059335,1.200000,0.800000
4000,4,1000,2,4,4,27915.778794,27915.838129,0.059335,0x405030,16,4800.000000,-1.000000,0,0,0.059335,1.200000,0.800000
4000,4,1000,3,4,4,27915.778937,27915.837925,0.058988,0x405030,24,4800.000000,-1.000000,0,0,0.059335,1.200000,0.800000
4001,5,1000,0,4,4,27915.851216,27915.872847,0.021631,0x405097,0,4800.000000,-1.000000,0,0,0.031586,1.200000,0.800000
4001,5,1000,1,4,4,27915.851170,27915.882415,0.031245,0x405097,40,4800.000000,-1.000000,0,0,0.031586,1.200000,0.800000
4001,5,1000,2,4,4,27915.850977,27915.869995,0.019018,0x405097,16,4800.000000,-1.000000,0,0,0.031586,1.200000,0.800000
4001,5,1000,3,4,4,27915.850829,27915.869778,0.018949,0x405097,24,4800.000000,-1.000000,0,0,0.031586,1.200000,0.800000
4398,2,1100,0,4,4,30635.863813,30661.786197,19.190567,0x404f28,32,1898.862339,2142.770085,1,1,26.127754,1.200000,0.800000
4398,2,1100,1,4,4,30635.863348,30661.938374,25.150518,0x404f28,40,4800.000000,4326.091221,1,1,26.127754,1.200000,0.800000
4398,2,1100,2,4,4,30635.863282,30661.988409,22.316062,0x404f28,16,853.320918,840.201240,1,1,26.127754,1.200000,0.800000
4398,2,1100,3,4,4,30635.863102,30661.990856,22.116285,0x404f28,24,848.321708,837.133621,1,1,26.127754,1.200000,0.800000
4399,3,1100,0,4,4,30662.083403,30662.155462,0.072059,0x404f80,32,4800.000000,-1.000000,0,0,0.146659,1.200000,0.800000
4399,3,1100,1,4,4,30662.083796,30662.230062,0.146266,0x404f80,40,4800.000000,-1.000000,0,0,0.146659,1.200000,0.800000
4399,3,1100,2,4,4,30662.084229,30662.225998,0.141769,0x404f80,16,4800.000000,-1.000000,0,0,0.146659,1.200000,0.800000
4399,3,1100,3,4,4,30662.084281,30662.224302,0.140021,0x404f80,24,4800.000000,-1.000000,0,0,0.146659,1.200000,0.800000
4400,4,1100,0,4,4,30662.259777,30662.279742,0.019965,0x405030,32,4800.000000,-1.000000,0,0,0.027111,1.200000,0.800000
4400,4,1100,1,4,4,30662.259593,30662.286517,0.026924,0x405030,40,4800.000000,-1.000000,0,0,0.027111,1.200000,0.800000
4400,4,1100,2,4,4,30662.259514,30662.277942,0.018428,0x405030,16,4800.000000,-1.000000,0,0,0.027111,1.200000,0.800000
4400,4,1100,3,4,4,30662.259406,30662.277649,0.018243,0x405030,24,4800.000000,-1.000000,0,0,0.027111,1.200000,0.800000
4401,5,1100,0,4,4,30662.298683,30662.320197,0.021514,0x405097,32,4800.000000,-1.000000,0,0,0.031453,1.200000,0.800000
4401,5,1100,1,4,4,30662.298632,30662.329852,0.031220,0x405097,40,4800.000000,-1.000000,0,0,0.031453,1.200000,0.800000
4401,5,1100,2,4,4,30662.298473,30662.317005,0.018532,0x405097,16,4800.000000,-1.000000,0,0,0.031453,1.200000,0.800000
4401,5,1100,3,4,4,30662.298399,30662.316869,0.018470,0x405097,24,4800.000000,-1.000000,0,0,0.031453,1.200000,0.800000
4798,2,1200,0,4,4,33296.874153,33322.194957,19.942385,0x404f28,32,1851.753740,1934.028484,1,1,25.436325,1.200000,0.800000
4798,2,1200,1,4,4,33296.873596,33322.251613,24.314057,0x404f28,40,4800.000000,4336.526744,1,1,25.436325,1.200000,0.800000
4798,2,1200,2,4,4,33296.873704,33322.306602,22.444853,0x404f28,16,881.765544,820.196498,1,1,25.436325,1.200000,0.800000
4798,2,1200,3,4,4,33296.873416,33322.309741,22.255104,0x404f28,24,870.658474,820.373388,1,1,25.436325,1.200000,0.800000
4799,3,1200,0,4,4,33322.429902,33322.568449,0.138547,0x404f80,32,4800.000000,-1.000000,0,0,0.223867,1.200000,0.800000
4799,3,1200,1,4,4,33322.430134,33322.572883,0.142749,0x404f80,40,4800.000000,-1.000000,0,0,0.223867,1.200000,0.800000
4799,3,1200,2,4,4,33322.430740,33322.653769,0.223029,0x404f80,16,4800.000000,-1.000000,0,0,0.223867,1.200000,0.800000
4799,3,1200,3,4,4,33322.430612,33322.652443,0.221831,0x404f80,24,4800.000000,-1.000000,0,0,0.223867,1.200000,0.800000
4800,4,1200,0,4,4,33322.730233,33322.776183,0.045950,0x405030,32,4800.000000,-1.000000,0,0,0.096469,1.200000,0.800000
4800,4,1200,1,4,4,33322.730259,33322.757996,0.027737,0x405030,40,4800.000000,-1.000000,0,0,0.096469,1.200000,0.800000
4800,4,1200,2,4,4,33322.730754,33322.826675,0.095921,0x405030,16,4800.000000,-1.000000,0,0,0.096469,1.200000,0.800000
4800,4,1200,3,4,4,33322.730206,33322.826002,0.095796,0x405030,24,4800.000000,-1.000000,0,0,0.096469,1.200000,0.800000
4801,5,1200,0,4,4,33322.852258,33322.896444,0.044186,0x405097,32,4800.000000,-1.000000,0,0,0.050615,1.200000,0.800000
4801,5,1200,1,4,4,33322.852755,33322.884864,0.032109,0x405097,40,4800.000000,-1.000000,0,0,0.050615,1.200000,0.800000
4801,5,1200,2,4,4,33322.852966,33322.902873,0.049907,0x405097,16,4800.000000,-1.000000,0,0,0.050615,1.200000,0.800000
4801,5,1200,3,4,4,33322.853043,33322.902755,0.049712,0x405097,24,4800.000000,-1.000000,0,0,0.050615,1.200000,0.800000
5198,2,1300,0,4,4,35884.402463,35909.267584,17.166558,0x404f28,32,1913.272359,2255.246256,1,1,24.964186,1.200000,0.800000
5198,2,1300,1,4,4,35884.402413,35909.343813,24.310056,0x404f28,40,4800.000000,4142.276463,1,1,24.964186,1.200000,0.800000
5198,2,1300,2,4,4,35884.402338,35909.361465,19.787876,0x404f28,16,916.111115,942.112371,1,1,24.964186,1.200000,0.800000
5198,2,1300,3,4,4,35884.402086,35909.366272,19.520461,0x404f28,24,911.477177,941.027772,1,1,24.964186,1.200000,0.800000
5199,3,1300,0,4,4,35909.478618,35909.608328,0.129710,0x404f80,32,4800.000000,-1.000000,0,0,0.205369,1.200000,0.800000
5199,3,1300,1,4,4,35909.478300,35909.627961,0.149661,0x404f80,40,4800.000000,-1.000000,0,0,0.205369,1.200000,0.800000
5199,3,1300,2,4,4,35909.478847,35909.683669,0.204822,0x404f80,16,4800.000000,-1.000000,0,0,0.205369,1.200000,0.800000
5199,3,1300,3,4,4,35909.478741,35909.680958,0.202217,0x404f80,24,4800.000000,-1.000000,0,0,0.205369,1.200000,0.800000
5200,4,1300,0,4,4,35909.739739,35909.783133,0.043394,0x405030,32,4800.000000,-1.000000,0,0,0.085406,1.200000,0.800000
5200,4,1300,1,4,4,35909.739836,35909.772356,0.032520,0x405030,40,4800.000000,-1.000000,0,0,0.085406,1.200000,0.800000
5200,4,1300,2,4,4,35909.740234,35909.825145,0.084911,0x405030,16,4800.000000,-1.000000,0,0,0.085406,1.200000,0.800000
5200,4,1300,3,4,4,35909.739926,35909.824931,0.085005,0x405030,24,4800.000000,-1.000000,0,0,0.085406,1.200000,0.800000
5201,5,1300,0,4,4,35909.848142,35909.893616,0.045474,0x405097,32,4800.000000,-1.000000,0,0,0.088568,1.200000,0.800000
5201,5,1300,1,4,4,35909.848596,35909.886289,0.037693,0x405097,40,4800.000000,-1.000000,0,0,0.088568,1.200000,0.800000
5201,5,1300,2,4,4,35909.849037,35909.936414,0.087377,0x405097,16,4800.000000,-1.000000,0,0,0.088568,1.200000,0.800000
5201,5,1300,3,4,4,35909.849023,35909.936710,0.087687,0x405097,24,4800.000000,-1.000000,0,0,0.088568,1.200000,0.800000
5598,2,1400,0,4,4,38306.063321,38328.467026,14.531439,0x404f28,32,1912.378354,2537.142553,1,1,22.518354,1.200000,0.800000
5598,2,1400,1,4,4,38306.062870,38328.525278,21.519612,0x404f28,40,4800.000000,4445.821683,1,1,22.518354,1.200000,0.800000
5598,2,1400,2,4,4,38306.062810,38328.576193,19.672989,0x404f28,16,985.666307,943.883215,1,1,22.518354,1.200000,0.800000
5598,2,1400,3,4,4,38306.062700,38328.581054,19.494037,0x404f28,24,981.471899,940.882793,1,1,22.518354,1.200000,0.800000
5599,3,1400,0,4,4,38328.702243,38328.828906,0.126663,0x404f80,32,4800.000000,-1.000000,0,0,0.181915,1.200000,0.800000
5599,3,1400,1,4,4,38328.702301,38328.831564,0.129263,0x404f80,40,4800.000000,-1.000000,0,0,0.181915,1.200000,0.800000
5599,3,1400,2,4,4,38328.702779,38328.884158,0.181379,0x404f80,16,4800.000000,-1.000000,0,0,0.181915,1.200000,0.800000
5599,3,1400,3,4,4,38328.702540,38328.882249,0.179709,0x404f80,24,4800.000000,-1.000000,0,0,0.181915,1.200000,0.800000
5600,4,1400,0,4,4,38328.914252,38328.933790,0.019538,0x405030,32,4800.000000,-1.000000,0,0,0.028005,1.200000,0.800000
5600,4,1400,1,4,4,38328.914482,38328.942160,0.027678,0x405030,40,4800.000000,-1.000000,0,0,0.028005,1.200000,0.800000
5600,4,1400,2,4,4,38328.914155,38328.932551,0.018396,0x405030,16,4800.000000,-1.000000,0,0,0.028005,1.200000,0.800000
5600,4,1400,3,4,4,38328.914269,38328.932616,0.018347,0x405030,24,4800.000000,-1.000000,0,0,0.028005,1.200000,0.800000
5601,5,1400,0,4,4,38328.955542,38328.975429,0.019887,0x405097,32,4800.000000,-1.000000,0,0,0.031863,1.200000,0.800000
5601,5,1400,1,4,4,38328.955715,38328.987300,0.031585,0x405097,40,4800.000000,-1.000000,0,0,0.031863,1.200000,0.800000
5601,5,1400,2,4,4,38328.955599,38328.974091,0.018492,0x405097,16,4800.000000,-1.000000,0,0,0.031863,1.200000,0.800000
5601,5,1400,3,4,4,38328.955437,38328.973967,0.018530,0x405097,24,4800.000000,-1.000000,0,0,0.031863,1.200000,0.800000
5998,2,1500,0,4,4,40503.607201,40522.614519,14.250118,0x404f28,32,2002.755600,2379.940919,1,1,19.082218,1.200000,0.800000
5998,2,1500,1,4,4,40503.607020,40522.658999,18.547583,0x404f28,40,4800.000000,4579.575317,1,1,19.082218,1.200000,0.800000
5998,2,1500,2,4,4,40503.606956,40522.685020,16.197312,0x404f28,16,1118.819456,1148.564925,1,1,19.082218,1.200000,0.800000
5998,2,1500,3,4,4,40503.606798,40522.689016,16.145428,0x404f28,24,1112.546410,1147.497720,1,1,19.082218,1.200000,0.800000
5999,3,1500,0,4,4,40522.796326,40522.915494,0.119168,0x404f80,32,4800.000000,-1.000000,0,0,0.165205,1.200000,0.800000
5999,3,1500,1,4,4,40522.796309,40522.909377,0.113068,0x404f80,40,4800.000000,-1.000000,0,0,0.165205,1.200000,0.800000
5999,3,1500,2,4,4,40522.796347,40522.961514,0.165167,0x404f80,16,4800.000000,-1.000000,0,0,0.165205,1.200000,0.800000
5999,3,1500,3,4,4,40522.796326,40522.959233,0.162907,0x404f80,24,4800.000000,-1.000000,0,0,0.165205,1.200000,0.800000
6000,4,1500,0,4,4,40523.010707,40523.051750,0.041043,0x405030,32,4800.000000,-1.000000,0,0,0.070100,1.200000,0.800000
6000,4,1500,1,4,4,40523.011029,40523.037292,0.026263,0x405030,40,4800.000000,-1.000000,0,0,0.070100,1.200000,0.800000
6000,4,1500,2,4,4,40523.011069,40523.080708,0.069639,0x405030,16,4800.000000,-1.000000,0,0,0.070100,1.200000,0.800000
6000,4,1500,3,4,4,40523.011047,40523.080807,0.069760,0x405030,24,4800.000000,-1.000000,0,0,0.070100,1.200000,0.800000
6001,5,1500,0,4,4,40523.103595,40523.145905,0.042310,0x405097,32,4800.000000,-1.000000,0,0,0.071771,1.200000,0.800000
6001,5,1500,1,4,4,40523.103599,40523.134938,0.031339,0x405097,40,4800.000000,-1.000000,0,0,0.071771,1.200000,0.800000
6001,5,1500,2,4,4,40523.103611,40523.175366,0.071755,0x405097,16,4800.000000,-1.000000,0,0,0.071771,1.200000,0.800000
6001,5,1500,3,4,4,40523.103628,40523.175283,0.071655,0x405097,24,4800.000000,-1.000000,0,0,0.071771,1.200000,0.800000
6398,2,1600,0,4,4,42478.210700,42495.640811,11.322086,0x404f28,32,2215.272991,2828.763818,1,1,17.502544,1.200000,0.800000
6398,2,1600,1,4,4,42478.210491,42495.688574,16.978328,0x404f28,40,4800.000000,4391.051175,1,1,17.502544,1.200000,0.800000
6398,2,1600,2,4,4,42478.210438,42495.712819,15.101429,0x404f28,16,1293.247965,1254.203643,1,1,17.502544,1.200000,0.800000
6398,2,1600,3,4,4,42478.210275,42495.712167,14.889194,0x404f28,24,1275.310608,1253.420888,1,1,17.502544,1.200000,0.800000
6399,3,1600,0,4,4,42495.795090,42495.858891,0.063801,0x404f80,32,4800.000000,-1.000000,0,0,0.152451,1.200000,0.800000
6399,3,1600,1,4,4,42495.795393,42495.901021,0.105628,0x404f80,40,4800.000000,-1.000000,0,0,0.152451,1.200000,0.800000
6399,3,1600,2,4,4,42495.795748,42495.947541,0.151793,0x404f80,16,4800.000000,-1.000000,0,0,0.152451,1.200000,0.800000
6399,3,1600,3,4,4,42495.795662,42495.945345,0.149683,0x404f80,24,4800.000000,-1.000000,0,0,0.152451,1.200000,0.800000
6400,4,1600,0,4,4,42495.976808,42495.996326,0.019518,0x405030,32,4800.000000,-1.000000,0,0,0.063984,1.200000,0.800000
6400,4,1600,1,4,4,42495.976833,42496.004019,0.027186,0x405030,40,4800.000000,-1.000000,0,0,0.063984,1.200000,0.800000
6400,4,1600,2,4,4,42495.976905,42496.040707,0.063802,0x405030,16,4800.000000,-1.000000,0,0,0.063984,1.200000,0.800000
6400,4,1600,3,4,4,42495.976723,42496.040560,0.063837,0x405030,24,4800.000000,-1.000000,0,0,0.063984,1.200000,0.800000
6401,5,1600,0,4,4,42496.052873,42496.072533,0.019660,0x405097,32,4800.000000,-1.000000,0,0,0.066077,1.200000,0.800000
6401,5,1600,1,4,4,42496.052988,42496.084695,0.031707,0x405097,40,4800.000000,-1.000000,0,0,0.066077,1.200000,0.800000
6401,5,1600,2,4,4,42496.053263,42496.118950,0.065687,0x405097,16,4800.000000,-1.000000,0,0,0.066077,1.200000,0.800000
6401,5,1600,3,4,4,42496.052997,42496.118680,0.065683,0x405097,24,4800.000000,-1.000000,0,0,0.066077,1.200000,0.800000
6798,2,1700,0,4,4,44196.858996,44211.859562,9.099970,0x404f28,32,2273.956520,3343.733083,1,1,15.101450,1.200000,0.800000
6798,2,1700,1,4,4,44196.858544,44211.936914,14.673849,0x404f28,40,4800.000000,4420.712640,1,1,15.101450,1.200000,0.800000
6798,2,1700,2,4,4,44196.858641,44211.959994,13.229498,0x404f28,16,1487.203420,1453.416756,1,1,15.101450,1.200000,0.800000
6798,2,1700,3,4,4,44196.858620,44211.959761,12.948928,0x404f28,24,1467.585132,1452.916060,1,1,15.101450,1.200000,0.800000
6799,3,1700,0,4,4,44212.054045,44212.155014,0.100969,0x404f80,32,4800.000000,-1.000000,0,0,0.131768,1.200000,0.800000
6799,3,1700,1,4,4,44212.054750,44212.146433,0.091683,0x404f80,40,4800.000000,-1.000000,0,0,0.131768,1.200000,0.800000
6799,3,1700,2,4,4,44212.054628,44212.185813,0.131185,0x404f80,16,4800.000000,-1.000000,0,0,0.131768,1.200000,0.800000
6799,3,1700,3,4,4,44212.054545,44212.183072,0.128527,0x404f80,24,4800.000000,-1.000000,0,0,0.131768,1.200000,0.800000
6800,4,1700,0,4,4,44212.230239,44212.267112,0.036873,0x405030,32,4800.000000,-1.000000,0,0,0.055055,1.200000,0.800000
6800,4,1700,1,4,4,44212.230296,44212.256378,0.026082,0x405030,40,4800.000000,-1.000000,0,0,0.055055,1.200000,0.800000
6800,4,1700,2,4,4,44212.230312,44212.285294,0.054982,0x405030,16,4800.000000,-1.000000,0,0,0.055055,1.200000,0.800000
6800,4,1700,3,4,4,44212.230405,44212.285205,0.054800,0x405030,24,4800.000000,-1.000000,0,0,0.055055,1.200000,0.800000
6801,5,1700,0,4,4,44212.306435,44212.344211,0.037776,0x405097,32,4800.000000,-1.000000,0,0,0.056838,1.200000,0.800000
6801,5,1700,1,4,4,44212.306140,44212.335472,0.029332,0x405097,40,4800.000000,-1.000000,0,0,0.056838,1.200000,0.800000
6801,5,1700,2,4,4,44212.306189,44212.362715,0.056526,0x405097,16,4800.000000,-1.000000,0,0,0.056838,1.200000,0.800000
6801,5,1700,3,4,4,44212.306505,44212.362978,0.056473,0x405097,24,4800.000000,-1.000000,0,0,0.056838,1.200000,0.800000
7198,2,1800,0,4,4,45716.573205,45729.838389,7.129782,0x404f28,32,2639.792188,4103.252825,1,1,13.336060,1.200000,0.800000
7198,2,1800,1,4,4,45716.572972,45729.896786,13.090700,0x404f28,40,4800.000000,4298.677810,1,1,13.336060,1.200000,0.800000
7198,2,1800,2,4,4,45716.572907,45729.908846,11.055108,0x404f28,16,1740.247354,1757.486493,1,1,13.336060,1.200000,0.800000
7198,2,1800,3,4,4,45716.572786,45729.907990,10.904586,0x404f28,24,1718.132438,1757.366166,1,1,13.336060,1.200000,0.800000
7199,3,1800,0,4,4,45729.976954,45730.035952,0.058998,0x404f80,32,4800.000000,-1.000000,0,0,0.110544,1.200000,0.800000
7199,3,1800,1,4,4,45729.977560,45730.063936,0.086376,0x404f80,40,4800.000000,-1.000000,0,0,0.110544,1.200000,0.800000
7199,3,1800,2,4,4,45729.977574,45730.087498,0.109924,0x404f80,16,4800.000000,-1.000000,0,0,0.110544,1.200000,0.800000
7199,3,1800,3,4,4,45729.977664,45730.085200,0.107536,0x404f80,24,4800.000000,-1.000000,0,0,0.110544,1.200000,0.800000
7200,4,1800,0,4,4,45730.118131,45730.137617,0.019486,0x405030,32,4800.000000,-1.000000,0,0,0.045567,1.200000,0.800000
7200,4,1800,1,4,4,45730.118430,45730.144343,0.025913,0x405030,40,4800.000000,-1.000000,0,0,0.045567,1.200000,0.800000
7200,4,1800,2,4,4,45730.118380,45730.163646,0.045266,0x405030,16,4800.000000,-1.000000,0,0,0.045567,1.200000,0.800000
7200,4,1800,3,4,4,45730.118079,45730.163417,0.045338,0x405030,24,4800.000000,-1.000000,0,0,0.045567,1.200000,0.800000
7201,5,1800,0,4,4,45730.176212,45730.195251,0.019039,0x405097,32,4800.000000,-1.000000,0,0,0.029738,1.200000,0.800000
7201,5,1800,1,4,4,45730.176353,45730.205950,0.029597,0x405097,40,4800.000000,-1.000000,0,0,0.029738,1.200000,0.800000
7201,5,1800,2,4,4,45730.176283,45730.198875,0.022592,0x405097,16,4800.000000,-1.000000,0,0,0.029738,1.200000,0.800000
7201,5,1800,3,4,4,45730.176411,45730.198723,0.022312,0x405097,24,4800.000000,-1.000000,0,0,0.029738,1.200000,0.800000
7598,2,1900,0,4,4,47010.577629,47021.444622,8.272095,0x404f28,32,2778.620361,3121.932178,1,1,10.914790,1.200000,0.800000
7598,2,1900,1,4,4,47010.577509,47021.484591,10.708899,0x404f28,40,4800.000000,4320.087288,1,1,10.914790,1.200000,0.800000
7598,2,1900,2,4,4,47010.577388,47021.492178,9.264038,0x404f28,16,2160.510570,2158.905295,1,1,10.914790,1.200000,0.800000
7598,2,1900,3,4,4,47010.577455,47021.491066,9.197893,0x404f28,24,2136.040702,2156.816199,1,1,10.914790,1.200000,0.800000
7599,3,1900,0,4,4,47021.556825,47021.614530,0.057705,0x404f80,32,4800.000000,-1.000000,0,0,0.091342,1.200000,0.800000
7599,3,1900,1,4,4,47021.556952,47021.631107,0.074155,0x404f80,40,4800.000000,-1.000000,0,0,0.091342,1.200000,0.800000
7599,3,1900,2,4,4,47021.556761,47021.648103,0.091342,0x404f80,16,4800.000000,-1.000000,0,0,0.091342,1.200000,0.800000
7599,3,1900,3,4,4,47021.556957,47021.645501,0.088544,0x404f80,24,4800.000000,-1.000000,0,0,0.091342,1.200000,0.800000
7600,4,1900,0,4,4,47021.680638,47021.699355,0.018717,0x405030,32,4800.000000,-1.000000,0,0,0.037298,1.200000,0.800000
7600,4,1900,1,4,4,47021.680689,47021.704632,0.023943,0x405030,40,4800.000000,-1.000000,0,0,0.037298,1.200000,0.800000
7600,4,1900,2,4,4,47021.680565,47021.717549,0.036984,0x405030,16,4800.000000,-1.000000,0,0,0.037298,1.200000,0.800000
7600,4,1900,3,4,4,47021.680251,47021.716760,0.036509,0x405030,24,4800.000000,-1.000000,0,0,0.037298,1.200000,0.800000
7601,5,1900,0,4,4,47021.729995,47021.748904,0.018909,0x405097,32,4800.000000,-1.000000,0,0,0.037891,1.200000,0.800000
7601,5,1900,1,4,4,47021.730370,47021.757839,0.027469,0x405097,40,4800.000000,-1.000000,0,0,0.037891,1.200000,0.800000
7601,5,1900,2,4,4,47021.730319,47021.767777,0.037458,0x405097,16,4800.000000,-1.000000,0,0,0.037891,1.200000,0.800000
7601,5,1900,3,4,4,47021.730102,47021.767886,0.037784,0x405097,24,4800.000000,-1.000000,0,0,0.037891,1.200000,0.800000
7998,2,2000,0,4,4,48042.256896,48050.614288,6.446653,0x404f28,32,3437.743004,3881.719653,1,1,8.380857,1.200000,0.800000
7998,2,2000,1,4,4,48042.256544,48050.634120,8.271000,0x404f28,40,4800.000000,4299.205263,1,1,8.380857,1.200000,0.800000
7998,2,2000,2,4,4,48042.256603,48050.637294,7.152712,0x404f28,16,2958.530492,2975.131370,1,1,8.380857,1.200000,0.800000
7998,2,2000,3,4,4,48042.256477,48050.637334,7.233329,0x404f28,24,2897.170257,2877.565221,1,1,8.380857,1.200000,0.800000
7999,3,2000,0,4,4,48050.702912,48050.758058,0.055146,0x404f80,32,4800.000000,-1.000000,0,0,0.070038,1.200000,0.800000
7999,3,2000,1,4,4,48050.703284,48050.766643,0.063359,0x404f80,40,4800.000000,-1.000000,0,0,0.070038,1.200000,0.800000
7999,3,2000,2,4,4,48050.703168,48050.772950,0.069782,0x404f80,16,4800.000000,-1.000000,0,0,0.070038,1.200000,0.800000
7999,3,2000,3,4,4,48050.703266,48050.772369,0.069103,0x404f80,24,4800.000000,-1.000000,0,0,0.070038,1.200000,0.800000
8000,4,2000,0,4,4,48050.803680,48050.822309,0.018629,0x405030,32,4800.000000,-1.000000,0,0,0.027780,1.200000,0.800000
8000,4,2000,1,4,4,48050.803943,48050.825644,0.021701,0x405030,40,4800.000000,-1.000000,0,0,0.027780,1.200000,0.800000
8000,4,2000,2,4,4,48050.803757,48050.830555,0.026798,0x405030,16,4800.000000,-1.000000,0,0,0.027780,1.200000,0.800000
8000,4,2000,3,4,4,48050.803615,48050.831395,0.027780,0x405030,24,4800.000000,-1.000000,0,0,0.027780,1.200000,0.800000
8001,5,2000,0,4,4,48050.842496,48050.861006,0.018510,0x405097,32,4800.000000,-1.000000,0,0,0.027388,1.200000,0.800000
8001,5,2000,1,4,4,48050.842692,48050.867165,0.024473,0x405097,40,4800.000000,-1.000000,0,0,0.027388,1.200000,0.800000
8001,5,2000,2,4,4,48050.842380,48050.869636,0.027256,0x405097,16,4800.000000,-1.000000,0,0,0.027388,1.200000,0.800000
8001,5,2000,3,4,4,48050.842248,48050.869519,0.027271,0x405097,24,4800.000000,-1.000000,0,0,0.027388,1.200000,0.800000
