parallel_id,region_id,region_exec,thread_id,team_size,requested_threads,start_ms,end_ms,elapsed_ms,codeptr,pmu_valid,pmu_llc_references,pmu_llc_misses,pmu_llc_hits,cpu_id,target_mb_percent,resource_applied,resctrl_enabled,region_wall_ms,resctrl_enable_ms,resctrl_disable_ms,resource_kind,target_l3_ways,target_l3_mask,mon_valid,mon_l3_domains,mon_start_llc_occupancy_bytes,mon_end_llc_occupancy_bytes,mon_llc_occupancy_delta_bytes,mon_start_mbm_total_bytes,mon_end_mbm_total_bytes,mon_mbm_total_delta_bytes,mon_start_mbm_local_bytes,mon_end_mbm_local_bytes,mon_mbm_local_delta_bytes,mon_start_mbm_remote_bytes,mon_end_mbm_remote_bytes,mon_mbm_remote_delta_bytes
398,2,100,0,4,4,30324.636387,30630.219922,158.422257,0x405598,1,6178282,4926134,1252148,32,100.000000,1,1,306.418612,1.200000,0.800000,cat,1,1,1,1,2342912,2793472,540672,40845697024,41260122112,411992064,40845697024,41260122112,411992064,-1,-1,-1
398,2,100,1,4,4,30324.523344,30630.843767,301.960165,0x405598,1,19043557,2708224,16335333,8,100.000000,1,1,306.418612,1.200000,0.800000,cat,7,fe,1,1,29736960,29106176,450560,22038601728,22266765312,227713024,22038601728,22266765312,227803136,-1,-1,-1
398,2,100,2,4,4,30324.425155,30630.770262,302.965339,0x405598,1,19206322,2741183,16465139,16,100.000000,1,1,306.418612,1.200000,0.800000,cat,7,7f00,1,1,30638080,30007296,-360448,17181474816,17375035392,193470464,17181474816,17375035392,193470464,-1,-1,-1
398,2,100,3,4,4,30324.626149,30630.198545,158.613920,0x405598,1,7106478,5188186,1918292,56,100.000000,1,1,306.418612,1.200000,0.800000,cat,1,1,1,1,2433024,1982464,1892352,32583598080,32916742144,331341824,32583598080,32916742144,331431936,-1,-1,-1
399,3,100,0,4,4,30631.001360,30631.277551,0.276191,0x4055f0,1,11043,7763,3280,32,100.000000,1,1,0.450983,1.200000,0.800000,cat,1,1,1,1,3153920,2072576,-1081344,41261563904,41262555136,991232,41261924352,41262555136,630784,-1,-1,-1
399,3,100,1,4,4,30631.014240,30631.370555,0.356315,0x4055f0,1,20318,3971,16347,8,100.000000,1,1,0.450983,1.200000,0.800000,cat,7,fe,1,1,29196288,29646848,450560,22266765312,22267305984,540672,22266765312,22267305984,540672,-1,-1,-1
399,3,100,2,4,4,30631.027196,30631.387269,0.360073,0x4055f0,1,20826,3991,16835,16,100.000000,1,1,0.450983,1.200000,0.800000,cat,7,7f00,1,1,30097408,30097408,0,17375035392,17375395840,360448,17375035392,17375395840,360448,-1,-1,-1
399,3,100,3,4,4,30631.071985,30631.452343,0.380358,0x4055f0,1,10913,6813,4100,56,100.000000,1,1,0.450983,1.200000,0.800000,cat,1,1,1,1,2973696,2523136,-450560,32916922368,32917192704,270336,32916922368,32917192704,270336,-1,-1,-1
400,4,100,0,4,4,30631.558653,30631.583028,0.024375,0x4056a0,1,563,424,139,32,100.000000,1,1,0.241739,1.200000,0.800000,cat,1,1,1,1,2342912,2523136,180224,41263276032,41263276032,0,41263276032,41263276032,0,-1,-1,-1
400,4,100,1,4,4,30631.564883,30631.594458,0.029575,0x4056a0,1,424,124,300,8,100.000000,1,1,0.241739,1.200000,0.800000,cat,7,fe,1,1,29646848,29646848,0,22267305984,22267305984,0,22267305984,22267305984,0,-1,-1,-1
400,4,100,2,4,4,30631.574979,30631.604923,0.029944,0x4056a0,1,484,171,313,16,100.000000,1,1,0.241739,1.200000,0.800000,cat,7,7f00,1,1,30187520,30187520,0,17375395840,17375395840,0,17375395840,17375395840,0,-1,-1,-1
400,4,100,3,4,4,30631.773065,30631.800392,0.027327,0x4056a0,1,2928,580,2348,56,100.000000,1,1,0.241739,1.200000,0.800000,cat,1,1,1,1,2613248,2703360,90112,32917463040,32917463040,0,32917463040,32917463040,0,-1,-1,-1
401,5,100,0,4,4,30631.868760,30631.904604,0.035844,0x405707,1,80,55,25,32,100.000000,1,1,0.066214,1.200000,0.800000,cat,1,1,1,1,2252800,2252800,0,41263546368,41263546368,0,41263546368,41263546368,0,-1,-1,-1
401,5,100,1,4,4,30631.886189,30631.934974,0.048785,0x405707,1,1718,483,1235,8,100.000000,1,1,0.066214,1.200000,0.800000,cat,7,fe,1,1,29646848,29736960,90112,22267305984,22267305984,0,22267305984,22267305984,0,-1,-1,-1
401,5,100,2,4,4,30631.879363,30631.928778,0.049415,0x405707,1,1037,119,918,16,100.000000,1,1,0.066214,1.200000,0.800000,cat,7,7f00,1,1,30187520,30457856,270336,17375395840,17375395840,0,17375395840,17375395840,0,-1,-1,-1
401,5,100,3,4,4,30631.873017,30631.909444,0.036427,0x405707,1,665,191,474,56,100.000000,1,1,0.066214,1.200000,0.800000,cat,1,1,1,1,2703360,2703360,0,32917463040,32917463040,0,32917463040,32917463040,0,-1,-1,-1
798,2,200,0,4,4,61221.873797,61529.023581,161.034243,0x405598,1,6174926,4919506,1255420,32,100.000000,1,1,307.777778,1.200000,0.800000,cat,1,1,1,1,2703360,2433024,-270336,82981888000,83403972608,420282368,82981888000,83403972608,420282368,-1,-1,-1
798,2,200,1,4,4,61221.870639,61529.639199,304.775808,0x405598,1,19041157,2734024,16307133,40,100.000000,1,1,307.777778,1.200000,0.800000,cat,7,fe,1,1,29646848,29016064,0,44987514880,45215408128,227352576,44987514880,45215408128,227352576,-1,-1,-1
798,2,200,2,4,4,61221.881073,61529.568261,302.861961,0x405598,1,19207231,2726150,16481081,48,100.000000,1,1,307.777778,1.200000,0.800000,cat,7,7f00,1,1,30998528,30638080,180224,34769264640,34957418496,188153856,34769264640,34957418496,188153856,-1,-1,-1
798,2,200,3,4,4,61221.861421,61529.009676,165.531930,0x405598,1,7109743,5163142,1946601,56,100.000000,1,1,307.777778,1.200000,0.800000,cat,1,1,1,1,2072576,2342912,3694592,65879711744,66211684352,330440704,65879711744,66211684352,330620928,-1,-1,-1
799,3,200,0,4,4,61529.761588,61530.035504,0.273916,0x4055f0,1,11245,7237,4008,32,100.000000,1,1,0.384855,1.200000,0.800000,cat,1,1,1,1,2613248,2342912,-270336,83404603392,83404963840,360448,83404603392,83404963840,360448,-1,-1,-1
799,3,200,1,4,4,61529.776366,61530.132432,0.356066,0x4055f0,1,20357,4206,16151,40,100.000000,1,1,0.384855,1.200000,0.800000,cat,7,fe,1,1,29106176,29556736,450560,45215408128,45216489472,1081344,45215408128,45216489472,1081344,-1,-1,-1
799,3,200,2,4,4,61529.774276,61530.134826,0.360550,0x4055f0,1,20845,3984,16861,48,100.000000,1,1,0.384855,1.200000,0.800000,cat,7,7f00,1,1,30818304,30908416,90112,34957418496,34957598720,180224,34957418496,34957598720,180224,-1,-1,-1
799,3,200,3,4,4,61529.749971,61530.032677,0.282706,0x4055f0,1,10830,7125,3705,56,100.000000,1,1,0.384855,1.200000,0.800000,cat,1,1,1,1,2252800,2342912,90112,66211684352,66211684352,0,66211684352,66211684352,0,-1,-1,-1
800,4,200,0,4,4,61530.247224,61530.271378,0.024154,0x4056a0,1,709,558,151,32,100.000000,1,1,0.057156,1.200000,0.800000,cat,1,1,1,1,2523136,2433024,-90112,83405414400,83405414400,0,83405414400,83405414400,0,-1,-1,-1
800,4,200,1,4,4,61530.267338,61530.296054,0.028716,0x4056a0,1,467,154,313,40,100.000000,1,1,0.057156,1.200000,0.800000,cat,7,fe,1,1,29646848,29736960,90112,45216489472,45216489472,0,45216489472,45216489472,0,-1,-1,-1
800,4,200,2,4,4,61530.260383,61530.289920,0.029537,0x4056a0,1,418,137,281,48,100.000000,1,1,0.057156,1.200000,0.800000,cat,7,7f00,1,1,30908416,30908416,0,34957598720,34957598720,0,34957598720,34957598720,0,-1,-1,-1
800,4,200,3,4,4,61530.238898,61530.260197,0.021299,0x4056a0,1,468,326,142,56,100.000000,1,1,0.057156,1.200000,0.800000,cat,1,1,1,1,2252800,2162688,-90112,66211864576,66211954688,90112,66211954688,66211954688,0,-1,-1,-1
801,5,200,0,4,4,61530.369646,61530.405660,0.036014,0x405707,1,39,15,24,32,100.000000,1,1,0.062687,1.200000,0.800000,cat,1,1,1,1,2433024,2433024,0,83405414400,83405414400,0,83405414400,83405414400,0,-1,-1,-1
801,5,200,1,4,4,61530.379297,61530.424889,0.045592,0x405707,1,1681,436,1245,40,100.000000,1,1,0.062687,1.200000,0.800000,cat,7,fe,1,1,29736960,29827072,90112,45216489472,45216489472,0,45216489472,45216489472,0,-1,-1,-1
801,5,200,2,4,4,61530.385690,61530.432333,0.046643,0x405707,1,1231,213,1018,48,100.000000,1,1,0.062687,1.200000,0.800000,cat,7,7f00,1,1,30998528,31088640,90112,34957598720,34957598720,0,34957598720,34957598720,0,-1,-1,-1
801,5,200,3,4,4,61530.391807,61530.426987,0.035180,0x405707,1,209,66,143,56,100.000000,1,1,0.062687,1.200000,0.800000,cat,1,1,1,1,2252800,2252800,0,66211954688,66211954688,0,66211954688,66211954688,0,-1,-1,-1
1198,2,300,0,4,4,91887.488535,92202.390297,163.410616,0x405598,1,6176374,4911925,1264449,32,100.000000,1,1,315.527297,1.200000,0.800000,cat,1,1,1,1,2613248,2162688,90112,125089964032,125511598080,419651584,125089964032,125511598080,419831808,-1,-1,-1
1198,2,300,1,4,4,91887.473655,92202.991749,310.109781,0x405598,1,19043956,2747611,16296345,40,100.000000,1,1,315.527297,1.200000,0.800000,cat,7,fe,1,1,29556736,28925952,-180224,68072136704,68311564288,239157248,68072136704,68311564288,239157248,-1,-1,-1
1198,2,300,2,4,4,91887.470414,92202.928392,311.674231,0x405598,1,19212733,2726257,16486476,48,100.000000,1,1,315.527297,1.200000,0.800000,cat,7,7f00,1,1,31178752,30908416,90112,52384358400,52564041728,179683328,52384358400,52564041728,179683328,-1,-1,-1
1198,2,300,3,4,4,91887.464452,92202.359280,160.156729,0x405598,1,7110102,5180367,1929735,56,100.000000,1,1,315.527297,1.200000,0.800000,cat,1,1,1,1,2433024,2613248,5136384,99181682688,99518521344,335126528,99181682688,99518521344,335306752,-1,-1,-1
1199,3,300,0,4,4,92203.101002,92203.368322,0.267320,0x4055f0,1,11073,7150,3923,32,100.000000,1,1,0.391218,1.200000,0.800000,cat,1,1,1,1,2523136,2072576,-450560,125512138752,125512949760,811008,125512138752,125512949760,811008,-1,-1,-1
1199,3,300,1,4,4,92203.142451,92203.492220,0.349769,0x4055f0,1,20259,4227,16032,40,100.000000,1,1,0.391218,1.200000,0.800000,cat,7,fe,1,1,29016064,29106176,90112,68311564288,68312465408,901120,68311564288,68312465408,901120,-1,-1,-1
1199,3,300,2,4,4,92203.122656,92203.471176,0.348520,0x4055f0,1,20916,4067,16849,48,100.000000,1,1,0.391218,1.200000,0.800000,cat,7,7f00,1,1,31088640,31449088,360448,52564041728,52564221952,180224,52564041728,52564221952,180224,-1,-1,-1
1199,3,300,3,4,4,92203.136115,92203.413849,0.277734,0x4055f0,1,10825,7176,3649,56,100.000000,1,1,0.391218,1.200000,0.800000,cat,1,1,1,1,2613248,2973696,360448,99518521344,99519152128,630784,99518521344,99519152128,630784,-1,-1,-1
1200,4,300,0,4,4,92203.593217,92203.616897,0.023680,0x4056a0,1,918,727,191,32,100.000000,1,1,0.049142,1.200000,0.800000,cat,1,1,1,1,2072576,2162688,90112,125513490432,125513580544,90112,125513490432,125513580544,90112,-1,-1,-1
1200,4,300,1,4,4,92203.613439,92203.639621,0.026182,0x4056a0,1,359,100,259,40,100.000000,1,1,0.049142,1.200000,0.800000,cat,7,fe,1,1,29106176,29106176,0,68312465408,68312465408,0,68312465408,68312465408,0,-1,-1,-1
1200,4,300,2,4,4,92203.615494,92203.642359,0.026865,0x4056a0,1,408,98,310,48,100.000000,1,1,0.049142,1.200000,0.800000,cat,7,7f00,1,1,31449088,31449088,0,52564221952,52564221952,0,52564221952,52564221952,0,-1,-1,-1
1200,4,300,3,4,4,92203.600101,92203.619938,0.019837,0x4056a0,1,353,255,98,56,100.000000,1,1,0.049142,1.200000,0.800000,cat,1,1,1,1,2883584,2883584,0,99519152128,99519152128,0,99519152128,99519152128,0,-1,-1,-1
1201,5,300,0,4,4,92203.701100,92203.734968,0.033868,0x405707,1,49,23,26,32,100.000000,1,1,0.069199,1.200000,0.800000,cat,1,1,1,1,2162688,2162688,0,125513580544,125513580544,0,125513580544,125513580544,0,-1,-1,-1
1201,5,300,1,4,4,92203.727645,92203.770299,0.042654,0x405707,1,1930,568,1362,40,100.000000,1,1,0.069199,1.200000,0.800000,cat,7,fe,1,1,29196288,29376512,180224,68312465408,68312555520,90112,68312465408,68312555520,90112,-1,-1,-1
1201,5,300,2,4,4,92203.721799,92203.764167,0.042368,0x405707,1,1264,202,1062,48,100.000000,1,1,0.069199,1.200000,0.800000,cat,7,7f00,1,1,31449088,31449088,0,52564221952,52564221952,0,52564221952,52564221952,0,-1,-1,-1
1201,5,300,3,4,4,92203.708507,92203.741901,0.033394,0x405707,1,296,120,176,56,100.000000,1,1,0.069199,1.200000,0.800000,cat,1,1,1,1,2883584,2883584,0,99519152128,99519152128,0,99519152128,99519152128,0,-1,-1,-1
1598,2,400,0,4,4,122562.733798,122868.618772,162.057777,0x405598,1,6175326,4912932,1262394,32,100.000000,1,1,306.474426,1.200000,0.800000,cat,1,1,1,1,2883584,2703360,0,167204167680,167619584000,413704192,167204167680,167619584000,413704192,-1,-1,-1
1598,2,400,1,4,4,122562.734595,122869.208152,303.328532,0x405598,1,19043750,2681870,16361880,40,100.000000,1,1,306.474426,1.200000,0.800000,cat,7,fe,1,1,29286400,28745728,-90112,90978426880,91202174976,223297536,90978426880,91202174976,223297536,-1,-1,-1
1598,2,400,2,4,4,122562.742093,122869.135049,301.942537,0x405598,1,19209854,2707740,16502114,48,100.000000,1,1,306.474426,1.200000,0.800000,cat,7,7f00,1,1,31358976,30728192,0,69976113152,70149398528,173285376,69976113152,70149398528,173285376,-1,-1,-1
1598,2,400,3,4,4,122562.733726,122868.583840,158.107173,0x405598,1,7106856,5181349,1925507,56,100.000000,1,1,306.474426,1.200000,0.800000,cat,1,1,1,1,2162688,2342912,3514368,132523933696,132866809856,341434368,132523933696,132866809856,341524480,-1,-1,-1
1599,3,400,0,4,4,122869.318919,122869.582692,0.263773,0x4055f0,1,10958,7140,3818,32,100.000000,1,1,0.384585,1.200000,0.800000,cat,1,1,1,1,2703360,2342912,-360448,167620124672,167620665344,540672,167620124672,167620665344,540672,-1,-1,-1
1599,3,400,1,4,4,122869.327169,122869.671420,0.344251,0x4055f0,1,20345,3901,16444,40,100.000000,1,1,0.384585,1.200000,0.800000,cat,7,fe,1,1,28835840,29286400,450560,91202174976,91202985984,811008,91202174976,91202985984,811008,-1,-1,-1
1599,3,400,2,4,4,122869.352967,122869.703504,0.350537,0x4055f0,1,20879,4069,16810,48,100.000000,1,1,0.384585,1.200000,0.800000,cat,7,7f00,1,1,31088640,31629312,540672,70149398528,70149578752,180224,70149398528,70149578752,180224,-1,-1,-1
1599,3,400,3,4,4,122869.345158,122869.625936,0.280778,0x4055f0,1,10786,7123,3663,56,100.000000,1,1,0.384585,1.200000,0.800000,cat,1,1,1,1,2433024,2523136,90112,132866809856,132866990080,180224,132866809856,132866990080,180224,-1,-1,-1
1600,4,400,0,4,4,122869.832045,122869.854818,0.022773,0x4056a0,1,852,705,147,32,100.000000,1,1,0.053182,1.200000,0.800000,cat,1,1,1,1,2433024,2433024,0,167621206016,167621206016,0,167621206016,167621206016,0,-1,-1,-1
1600,4,400,1,4,4,122869.808038,122869.834518,0.026480,0x4056a0,1,341,108,233,40,100.000000,1,1,0.053182,1.200000,0.800000,cat,7,fe,1,1,29286400,29376512,90112,91202985984,91202985984,0,91202985984,91202985984,0,-1,-1,-1
1600,4,400,2,4,4,122869.823460,122869.850286,0.026826,0x4056a0,1,454,138,316,48,100.000000,1,1,0.053182,1.200000,0.800000,cat,7,7f00,1,1,31629312,31629312,0,70149578752,70149578752,0,70149578752,70149578752,0,-1,-1,-1
1600,4,400,3,4,4,122869.801636,122869.822124,0.020488,0x4056a0,1,391,286,105,56,100.000000,1,1,0.053182,1.200000,0.800000,cat,1,1,1,1,2433024,2433024,0,132867080192,132867080192,0,132867080192,132867080192,0,-1,-1,-1
1601,5,400,0,4,4,122869.918118,122869.951521,0.033403,0x405707,1,29,8,21,32,100.000000,1,1,0.058628,1.200000,0.800000,cat,1,1,1,1,2433024,2433024,0,167621206016,167621206016,0,167621206016,167621206016,0,-1,-1,-1
1601,5,400,1,4,4,122869.933485,122869.976746,0.043261,0x405707,1,1720,475,1245,40,100.000000,1,1,0.058628,1.200000,0.800000,cat,7,fe,1,1,29466624,29736960,270336,91202985984,91202985984,0,91202985984,91202985984,0,-1,-1,-1
1601,5,400,2,4,4,122869.922537,122869.963615,0.041078,0x405707,1,1514,319,1195,48,100.000000,1,1,0.058628,1.200000,0.800000,cat,7,7f00,1,1,31629312,31629312,0,70149578752,70149578752,0,70149578752,70149578752,0,-1,-1,-1
1601,5,400,3,4,4,122869.926524,122869.959610,0.033086,0x405707,1,210,54,156,56,100.000000,1,1,0.058628,1.200000,0.800000,cat,1,1,1,1,2433024,2433024,0,132867080192,132867080192,0,132867080192,132867080192,0,-1,-1,-1
1998,2,500,0,4,4,153271.045141,153579.290269,159.643137,0x405598,1,6174445,4909975,1264470,32,100.000000,1,1,308.884261,1.200000,0.800000,cat,1,1,1,1,2883584,2613248,270336,209409204224,209829937152,418480128,209409204224,209829937152,418570240,-1,-1,-1
1998,2,500,1,4,4,153271.036431,153579.909844,306.111608,0x405598,1,19042510,2698562,16343948,40,100.000000,1,1,308.884261,1.200000,0.800000,cat,7,fe,1,1,29466624,28475392,-360448,113963204608,114187853824,224198656,113963204608,114187853824,224198656,-1,-1,-1
1998,2,500,2,4,4,153271.025583,153579.843959,304.365712,0x405598,1,19214488,2704065,16510423,48,100.000000,1,1,308.884261,1.200000,0.800000,cat,7,7f00,1,1,31268864,30818304,360448,87500464128,87680147456,179683328,87500464128,87680147456,179683328,-1,-1,-1
1998,2,500,3,4,4,153271.025835,153579.268837,159.015192,0x405598,1,7109015,5175565,1933450,56,100.000000,1,1,308.884261,1.200000,0.800000,cat,1,1,1,1,2162688,2162688,4055040,165800493056,166136610816,334675968,165800493056,166136610816,334856192,-1,-1,-1
1999,3,500,0,4,4,153580.037256,153580.305032,0.267776,0x4055f0,1,10966,6998,3968,32,100.000000,1,1,0.375574,1.200000,0.800000,cat,1,1,1,1,2613248,2613248,0,209830297600,209830748160,450560,209830297600,209830748160,450560,-1,-1,-1
1999,3,500,1,4,4,153580.011089,153580.373441,0.362352,0x4055f0,1,20326,4091,16235,40,100.000000,1,1,0.375574,1.200000,0.800000,cat,7,fe,1,1,28565504,29016064,450560,114187853824,114188754944,901120,114187853824,114188754944,901120,-1,-1,-1
1999,3,500,2,4,4,153580.022735,153580.386663,0.363928,0x4055f0,1,20927,4103,16824,48,100.000000,1,1,0.375574,1.200000,0.800000,cat,7,7f00,1,1,30818304,31178752,360448,87680147456,87680417792,270336,87680147456,87680417792,270336,-1,-1,-1
1999,3,500,3,4,4,153580.044594,153580.337886,0.293292,0x4055f0,1,10898,7253,3645,56,100.000000,1,1,0.375574,1.200000,0.800000,cat,1,1,1,1,2072576,2072576,0,166136700928,166137241600,540672,166136700928,166137241600,540672,-1,-1,-1
2000,4,500,0,4,4,153580.505742,153580.530998,0.025256,0x4056a0,1,961,770,191,32,100.000000,1,1,0.058866,1.200000,0.800000,cat,1,1,1,1,2703360,2793472,90112,209831288832,209831288832,0,209831288832,209831288832,0,-1,-1,-1
2000,4,500,1,4,4,153580.527262,153580.555192,0.027930,0x4056a0,1,493,162,331,40,100.000000,1,1,0.058866,1.200000,0.800000,cat,7,fe,1,1,29016064,29196288,180224,114188754944,114188754944,0,114188754944,114188754944,0,-1,-1,-1
2000,4,500,2,4,4,153580.518580,153580.547100,0.028520,0x4056a0,1,456,148,308,48,100.000000,1,1,0.058866,1.200000,0.800000,cat,7,7f00,1,1,31088640,31088640,0,87680417792,87680417792,0,87680417792,87680417792,0,-1,-1,-1
2000,4,500,3,4,4,153580.496326,153580.517755,0.021429,0x4056a0,1,361,260,101,56,100.000000,1,1,0.058866,1.200000,0.800000,cat,1,1,1,1,2072576,2072576,0,166137241600,166137241600,0,166137241600,166137241600,0,-1,-1,-1
2001,5,500,0,4,4,153580.626299,153580.661157,0.034858,0x405707,1,81,40,41,32,100.000000,1,1,0.049478,1.200000,0.800000,cat,1,1,1,1,2793472,2793472,0,209831288832,209831288832,0,209831288832,209831288832,0,-1,-1,-1
2001,5,500,1,4,4,153580.629510,153580.675777,0.046267,0x405707,1,1735,447,1288,40,100.000000,1,1,0.049478,1.200000,0.800000,cat,7,fe,1,1,29286400,29556736,270336,114188754944,114188754944,0,114188754944,114188754944,0,-1,-1,-1
2001,5,500,2,4,4,153580.630984,153580.673880,0.042896,0x405707,1,1342,184,1158,48,100.000000,1,1,0.049478,1.200000,0.800000,cat,7,7f00,1,1,31088640,31088640,0,87680417792,87680417792,0,87680417792,87680417792,0,-1,-1,-1
2001,5,500,3,4,4,153580.633640,153580.668885,0.035245,0x405707,1,208,49,159,56,100.000000,1,1,0.049478,1.200000,0.800000,cat,1,1,1,1,2072576,2072576,0,166137241600,166137241600,0,166137241600,166137241600,0,-1,-1,-1
2398,2,600,0,4,4,184110.595521,184425.146955,162.060494,0x405598,1,6172575,4923773,1248802,0,100.000000,1,1,315.210270,1.200000,0.800000,cat,1,1,1,1,3694592,3063808,1441792,251554045952,251980726272,425238528,251554045952,251980726272,425238528,-1,-1,-1
2398,2,600,1,4,4,184110.554292,184425.764122,310.973711,0x405598,1,19038942,2720075,16318867,40,100.000000,1,1,315.210270,1.200000,0.800000,cat,7,fe,1,1,29466624,28475392,-360448,137100722176,137333211136,231858176,137100722176,137333211136,231858176,-1,-1,-1
2398,2,600,2,4,4,184110.553852,184425.697936,311.405525,0x405598,1,19214702,2721542,16493160,48,100.000000,1,1,315.210270,1.200000,0.800000,cat,7,7f00,1,1,31358976,30908416,-90112,105259376640,105431851008,172474368,105259376640,105431851008,172474368,-1,-1,-1
2398,2,600,3,4,4,184110.554164,184425.131263,161.925822,0x405598,1,7107806,5178734,1929072,56,100.000000,1,1,315.210270,1.200000,0.800000,cat,1,1,1,1,1802240,1802240,1622016,199039836160,199377666048,337559552,199039836160,199377666048,337739776,-1,-1,-1
2399,3,600,0,4,4,184425.877762,184426.148022,0.270260,0x4055f0,1,11072,7172,3900,0,100.000000,1,1,0.391267,1.200000,0.800000,cat,1,1,1,1,3334144,2793472,-540672,251981447168,251981807616,360448,251981447168,251981807616,360448,-1,-1,-1
2399,3,600,1,4,4,184425.908159,184426.269029,0.360870,0x4055f0,1,20254,4128,16126,40,100.000000,1,1,0.391267,1.200000,0.800000,cat,7,fe,1,1,28565504,29376512,811008,137333211136,137334112256,901120,137333211136,137334112256,901120,-1,-1,-1
2399,3,600,2,4,4,184425.887500,184426.246150,0.358650,0x4055f0,1,20874,4061,16813,48,100.000000,1,1,0.391267,1.200000,0.800000,cat,7,7f00,1,1,30998528,31178752,180224,105431851008,105432211456,360448,105431851008,105432211456,360448,-1,-1,-1
2399,3,600,3,4,4,184425.902869,184426.188544,0.285675,0x4055f0,1,10816,7071,3745,56,100.000000,1,1,0.391267,1.200000,0.800000,cat,1,1,1,1,1802240,2072576,270336,199377666048,199378026496,360448,199377666048,199378026496,360448,-1,-1,-1
2400,4,600,0,4,4,184426.378366,184426.402097,0.023731,0x4056a0,1,569,445,124,0,100.000000,1,1,0.055722,1.200000,0.800000,cat,1,1,1,1,2703360,2613248,-90112,251982348288,251982348288,0,251982348288,251982348288,0,-1,-1,-1
2400,4,600,1,4,4,184426.406338,184426.434088,0.027750,0x4056a0,1,418,121,297,40,100.000000,1,1,0.055722,1.200000,0.800000,cat,7,fe,1,1,29376512,29466624,90112,137334112256,137334112256,0,137334112256,137334112256,0,-1,-1,-1
2400,4,600,2,4,4,184426.399754,184426.428223,0.028469,0x4056a0,1,431,126,305,48,100.000000,1,1,0.055722,1.200000,0.800000,cat,7,7f00,1,1,31178752,31268864,90112,105432211456,105432211456,0,105432211456,105432211456,0,-1,-1,-1
2400,4,600,3,4,4,184426.386181,184426.408389,0.022208,0x4056a0,1,347,254,93,56,100.000000,1,1,0.055722,1.200000,0.800000,cat,1,1,1,1,1982464,2072576,90112,199378026496,199378026496,0,199378026496,199378026496,0,-1,-1,-1
2401,5,600,0,4,4,184426.500749,184426.536624,0.035875,0x405707,1,43,16,27,0,100.000000,1,1,0.063414,1.200000,0.800000,cat,1,1,1,1,2613248,2613248,0,251982348288,251982348288,0,251982348288,251982348288,0,-1,-1,-1
2401,5,600,1,4,4,184426.509776,184426.555037,0.045261,0x405707,1,1881,534,1347,40,100.000000,1,1,0.063414,1.200000,0.800000,cat,7,fe,1,1,29466624,29466624,0,137334112256,137334112256,0,137334112256,137334112256,0,-1,-1,-1
2401,5,600,2,4,4,184426.520165,184426.564163,0.043998,0x405707,1,1378,223,1155,48,100.000000,1,1,0.063414,1.200000,0.800000,cat,7,7f00,1,1,31268864,31268864,0,105432211456,105432211456,0,105432211456,105432211456,0,-1,-1,-1
2401,5,600,3,4,4,184426.527015,184426.563870,0.036855,0x405707,1,252,85,167,56,100.000000,1,1,0.063414,1.200000,0.800000,cat,1,1,1,1,2072576,2072576,0,199378026496,199378026496,0,199378026496,199378026496,0,-1,-1,-1
2798,2,700,0,4,4,215306.275245,215623.717858,164.909498,0x405598,1,6171688,4922000,1249688,0,100.000000,1,1,318.072954,1.200000,0.800000,cat,1,1,1,1,2703360,2342912,180224,293848293376,294269296640,418660352,293848293376,294269296640,418480128,-1,-1,-1
2798,2,700,1,4,4,215306.259774,215624.330744,312.961589,0x405598,1,19044607,2722134,16322473,40,100.000000,1,1,318.072954,1.200000,0.800000,cat,7,fe,1,1,29556736,28475392,-360448,160147136512,160381067264,233570304,160147136512,160381067264,233570304,-1,-1,-1
2798,2,700,2,4,4,215306.266507,215624.262174,314.222337,0x405598,1,19209128,2718364,16490764,48,100.000000,1,1,318.072954,1.200000,0.800000,cat,7,7f00,1,1,31719424,31088640,450560,122947280896,123125792768,178511872,122947280896,123125792768,178511872,-1,-1,-1
2798,2,700,3,4,4,215306.257790,215623.703640,164.356497,0x405598,1,7113811,5170898,1942913,56,100.000000,1,1,318.072954,1.200000,0.800000,cat,1,1,1,1,2342912,1982464,720896,232215560192,232558166016,342245376,232215560192,232558166016,342245376,-1,-1,-1
2799,3,700,0,4,4,215624.440383,215624.714758,0.274375,0x4055f0,1,11121,7234,3887,0,100.000000,1,1,0.390418,1.200000,0.800000,cat,1,1,1,1,2433024,1892352,-540672,294270107648,294270738432,630784,294270107648,294270738432,630784,-1,-1,-1
2799,3,700,1,4,4,215624.448271,215624.809158,0.360887,0x4055f0,1,20277,4092,16185,40,100.000000,1,1,0.390418,1.200000,0.800000,cat,7,fe,1,1,28655616,29106176,450560,160381157376,160382148608,991232,160381157376,160382148608,991232,-1,-1,-1
2799,3,700,2,4,4,215624.471358,215624.830801,0.359443,0x4055f0,1,20921,4060,16861,48,100.000000,1,1,0.390418,1.200000,0.800000,cat,7,7f00,1,1,31088640,31268864,180224,123125792768,123125972992,180224,123125792768,123125972992,180224,-1,-1,-1
2799,3,700,3,4,4,215624.463588,215624.747752,0.284164,0x4055f0,1,10730,7052,3678,56,100.000000,1,1,0.390418,1.200000,0.800000,cat,1,1,1,1,1982464,2523136,540672,232558166016,232558346240,180224,232558166016,232558346240,180224,-1,-1,-1
2800,4,700,0,4,4,215624.936437,215624.959733,0.023296,0x4056a0,1,543,406,137,0,100.000000,1,1,0.068218,1.200000,0.800000,cat,1,1,1,1,2252800,2252800,0,294271549440,294271549440,0,294271549440,294271549440,0,-1,-1,-1
2800,4,700,1,4,4,215624.976256,215625.004655,0.028399,0x4056a0,1,445,151,294,40,100.000000,1,1,0.068218,1.200000,0.800000,cat,7,fe,1,1,29106176,29286400,180224,160382148608,160382148608,0,160382148608,160382148608,0,-1,-1,-1
2800,4,700,2,4,4,215624.965724,215624.994450,0.028726,0x4056a0,1,430,135,295,48,100.000000,1,1,0.068218,1.200000,0.800000,cat,7,7f00,1,1,31268864,31268864,0,123125972992,123126063104,90112,123125972992,123126063104,90112,-1,-1,-1
2800,4,700,3,4,4,215624.955550,215624.976955,0.021405,0x4056a0,1,383,273,110,56,100.000000,1,1,0.068218,1.200000,0.800000,cat,1,1,1,1,2433024,2523136,90112,232558526464,232558526464,0,232558526464,232558526464,0,-1,-1,-1
2801,5,700,0,4,4,215625.067534,215625.100273,0.032739,0x405707,1,98,48,50,0,100.000000,1,1,0.069436,1.200000,0.800000,cat,1,1,1,1,2252800,2162688,-90112,294271549440,294271549440,0,294271549440,294271549440,0,-1,-1,-1
2801,5,700,1,4,4,215625.086291,215625.132862,0.046571,0x405707,1,1629,395,1234,40,100.000000,1,1,0.069436,1.200000,0.800000,cat,7,fe,1,1,29286400,29376512,90112,160382148608,160382148608,0,160382148608,160382148608,0,-1,-1,-1
2801,5,700,2,4,4,215625.092888,215625.136970,0.044082,0x405707,1,1407,204,1203,48,100.000000,1,1,0.069436,1.200000,0.800000,cat,7,7f00,1,1,31268864,31358976,90112,123126063104,123126063104,0,123126063104,123126063104,0,-1,-1,-1
2801,5,700,3,4,4,215625.074618,215625.109996,0.035378,0x405707,1,273,98,175,56,100.000000,1,1,0.069436,1.200000,0.800000,cat,1,1,1,1,2523136,2613248,90112,232558526464,232558526464,0,232558526464,232558526464,0,-1,-1,-1
3198,2,800,0,4,4,246625.126772,246938.356880,163.351663,0x405598,1,6172109,4913719,1258390,0,100.000000,1,1,313.846905,1.200000,0.800000,cat,1,1,1,1,3063808,2613248,450560,336088383488,336512090112,421543936,336088383488,336512090112,421543936,-1,-1,-1
3198,2,800,1,4,4,246625.110081,246938.950976,310.221474,0x405598,1,19039334,2687332,16352002,40,100.000000,1,1,313.846905,1.200000,0.800000,cat,7,fe,1,1,29376512,28655616,-270336,183523090432,183756210176,232398848,183523090432,183756210176,232398848,-1,-1,-1
3198,2,800,2,4,4,246625.104071,246938.894438,309.833581,0x405598,1,19210261,2725125,16485136,48,100.000000,1,1,313.846905,1.200000,0.800000,cat,7,7f00,1,1,31629312,30998528,-180224,140738813952,140936069120,197165056,140738813952,140936069120,197165056,-1,-1,-1
3198,2,800,3,4,4,246625.109365,246938.324319,161.826415,0x405598,1,7106517,5171246,1935271,56,100.000000,1,1,313.846905,1.200000,0.800000,cat,1,1,1,1,2162688,1982464,90112,265400926208,265734610944,333144064,265400926208,265734610944,333234176,-1,-1,-1
3199,3,800,0,4,4,246939.087528,246939.366439,0.278911,0x4055f0,1,10897,7185,3712,0,100.000000,1,1,0.385118,1.200000,0.800000,cat,1,1,1,1,2703360,2703360,0,336512540672,336512991232,450560,336512540672,336512991232,450560,-1,-1,-1
3199,3,800,1,4,4,246939.063741,246939.425960,0.362219,0x4055f0,1,20298,3993,16305,40,100.000000,1,1,0.385118,1.200000,0.800000,cat,7,fe,1,1,28655616,29106176,450560,183756210176,183757021184,811008,183756210176,183757021184,811008,-1,-1,-1
3199,3,800,2,4,4,246939.080065,246939.442321,0.362256,0x4055f0,1,20864,3940,16924,48,100.000000,1,1,0.385118,1.200000,0.800000,cat,7,7f00,1,1,30998528,30908416,-90112,140936069120,140936159232,90112,140936069120,140936159232,90112,-1,-1,-1
3199,3,800,3,4,4,246939.057203,246939.343417,0.286214,0x4055f0,1,10755,7004,3751,56,100.000000,1,1,0.385118,1.200000,0.800000,cat,1,1,1,1,1892352,1892352,0,265734610944,265734791168,180224,265734610944,265734791168,180224,-1,-1,-1
3200,4,800,0,4,4,246939.573508,246939.598568,0.025060,0x4056a0,1,742,604,138,0,100.000000,1,1,0.056009,1.200000,0.800000,cat,1,1,1,1,3063808,3153920,90112,336513441792,336513531904,90112,336513441792,336513531904,90112,-1,-1,-1
3200,4,800,1,4,4,246939.564631,246939.592367,0.027736,0x4056a0,1,327,81,246,40,100.000000,1,1,0.056009,1.200000,0.800000,cat,7,fe,1,1,29196288,29286400,90112,183757021184,183757021184,0,183757021184,183757021184,0,-1,-1,-1
3200,4,800,2,4,4,246939.552360,246939.580956,0.028596,0x4056a0,1,488,142,346,48,100.000000,1,1,0.056009,1.200000,0.800000,cat,7,7f00,1,1,30908416,30998528,90112,140936159232,140936249344,90112,140936159232,140936249344,90112,-1,-1,-1
3200,4,800,3,4,4,246939.542559,246939.564531,0.021972,0x4056a0,1,436,338,98,56,100.000000,1,1,0.056009,1.200000,0.800000,cat,1,1,1,1,1622016,1622016,0,265735061504,265735061504,0,265735061504,265735061504,0,-1,-1,-1
3201,5,800,0,4,4,246939.676861,246939.713079,0.036218,0x405707,1,36,9,27,0,100.000000,1,1,0.057823,1.200000,0.800000,cat,1,1,1,1,2973696,2973696,0,336513531904,336513531904,0,336513531904,336513531904,0,-1,-1,-1
3201,5,800,1,4,4,246939.680078,246939.725419,0.045341,0x405707,1,1905,579,1326,40,100.000000,1,1,0.057823,1.200000,0.800000,cat,7,fe,1,1,29286400,29376512,90112,183757021184,183757021184,0,183757021184,183757021184,0,-1,-1,-1
3201,5,800,2,4,4,246939.691745,246939.734684,0.042939,0x405707,1,1381,225,1156,48,100.000000,1,1,0.057823,1.200000,0.800000,cat,7,7f00,1,1,31088640,31178752,90112,140936249344,140936249344,0,140936249344,140936249344,0,-1,-1,-1
3201,5,800,3,4,4,246939.683531,246939.718342,0.034811,0x405707,1,183,42,141,56,100.000000,1,1,0.057823,1.200000,0.800000,cat,1,1,1,1,1712128,1802240,90112,265735061504,265735061504,0,265735061504,265735061504,0,-1,-1,-1
3598,2,900,0,4,4,277926.863977,278232.684542,159.630814,0x405598,1,6174857,4893873,1280984,32,100.000000,1,1,306.429229,1.200000,0.800000,cat,1,1,1,1,3244032,2973696,180224,378046783488,378464362496,415506432,378046783488,378464362496,415506432,-1,-1,-1
3598,2,900,1,4,4,277926.862538,278233.286341,303.822771,0x405598,1,19038360,2708565,16329795,40,100.000000,1,1,306.429229,1.200000,0.800000,cat,7,fe,1,1,29556736,28745728,-90112,206444789760,206677188608,231677952,206444789760,206677188608,231677952,-1,-1,-1
3598,2,900,2,4,4,277926.857112,278233.217255,302.260294,0x405598,1,19210356,2720155,16490201,48,100.000000,1,1,306.429229,1.200000,0.800000,cat,7,7f00,1,1,31178752,31178752,270336,158744092672,158925127680,180854784,158744092672,158925127680,180854784,-1,-1,-1
3598,2,900,3,4,4,277926.873472,278232.662951,157.396991,0x405598,1,7104513,5183673,1920840,56,100.000000,1,1,306.429229,1.200000,0.800000,cat,1,1,1,1,1892352,1802240,2252800,298413998080,298749214720,332423168,298413998080,298749214720,332603392,-1,-1,-1
3599,3,900,0,4,4,278233.414295,278233.689013,0.274718,0x4055f0,1,11067,7177,3890,32,100.000000,1,1,0.390482,1.200000,0.800000,cat,1,1,1,1,3153920,2793472,-360448,378465083392,378465533952,450560,378465083392,378465533952,450560,-1,-1,-1
3599,3,900,1,4,4,278233.422930,278233.779405,0.356475,0x4055f0,1,20281,3985,16296,40,100.000000,1,1,0.390482,1.200000,0.800000,cat,7,fe,1,1,28835840,29286400,450560,206677188608,206678179840,991232,206677188608,206678179840,991232,-1,-1,-1
3599,3,900,2,4,4,278233.431322,278233.789260,0.357938,0x4055f0,1,20970,4050,16920,48,100.000000,1,1,0.390482,1.200000,0.800000,cat,7,7f00,1,1,31268864,31449088,180224,158925127680,158925217792,90112,158925127680,158925217792,90112,-1,-1,-1
3599,3,900,3,4,4,278233.398778,278233.680680,0.281902,0x4055f0,1,10777,6944,3833,56,100.000000,1,1,0.390482,1.200000,0.800000,cat,1,1,1,1,1892352,1892352,0,298749304832,298749575168,270336,298749304832,298749575168,270336,-1,-1,-1
3600,4,900,0,4,4,278233.912503,278233.936113,0.023610,0x4056a0,1,563,413,150,32,100.000000,1,1,0.056498,1.200000,0.800000,cat,1,1,1,1,2793472,2793472,0,378465984512,378465984512,0,378465984512,378465984512,0,-1,-1,-1
3600,4,900,1,4,4,278233.920284,278233.947853,0.027569,0x4056a0,1,381,123,258,40,100.000000,1,1,0.056498,1.200000,0.800000,cat,7,fe,1,1,29286400,29286400,0,206678179840,206678179840,0,206678179840,206678179840,0,-1,-1,-1
3600,4,900,2,4,4,278233.899754,278233.927756,0.028002,0x4056a0,1,393,106,287,48,100.000000,1,1,0.056498,1.200000,0.800000,cat,7,7f00,1,1,31358976,31358976,0,158925217792,158925217792,0,158925217792,158925217792,0,-1,-1,-1
3600,4,900,3,4,4,278233.891355,278233.912719,0.021364,0x4056a0,1,354,257,97,56,100.000000,1,1,0.056498,1.200000,0.800000,cat,1,1,1,1,1892352,1802240,-90112,298749665280,298749755392,90112,298749665280,298749755392,90112,-1,-1,-1
3601,5,900,0,4,4,278234.020194,278234.055841,0.035647,0x405707,1,51,19,32,32,100.000000,1,1,0.072913,1.200000,0.800000,cat,1,1,1,1,2613248,2613248,0,378466074624,378466074624,0,378466074624,378466074624,0,-1,-1,-1
3601,5,900,1,4,4,278234.034520,278234.079767,0.045247,0x405707,1,1290,220,1070,40,100.000000,1,1,0.072913,1.200000,0.800000,cat,7,fe,1,1,29286400,29286400,0,206678179840,206678179840,0,206678179840,206678179840,0,-1,-1,-1
3601,5,900,2,4,4,278234.049185,278234.093107,0.043922,0x405707,1,1449,254,1195,48,100.000000,1,1,0.072913,1.200000,0.800000,cat,7,7f00,1,1,31358976,31449088,90112,158925217792,158925217792,0,158925217792,158925217792,0,-1,-1,-1
3601,5,900,3,4,4,278234.041733,278234.076535,0.034802,0x405707,1,199,50,149,56,100.000000,1,1,0.072913,1.200000,0.800000,cat,1,1,1,1,1892352,1892352,0,298749755392,298749845504,90112,298749755392,298749845504,90112,-1,-1,-1
3998,2,1000,0,4,4,309077.485178,309390.896210,161.881446,0x405598,1,6169901,4910873,1259028,0,100.000000,1,1,314.042454,1.200000,0.800000,cat,1,1,1,1,2613248,2252800,180224,419978330112,420406722560,426409984,419978330112,420406722560,426319872,-1,-1,-1
3998,2,1000,1,4,4,309077.468732,309391.508343,311.199096,0x405598,1,19039279,2675697,16363582,40,100.000000,1,1,314.042454,1.200000,0.800000,cat,7,fe,1,1,29646848,29106176,-90112,229522292736,229747392512,224018432,229522292736,229747392512,224018432,-1,-1,-1
3998,2,1000,2,4,4,309077.465889,309391.446422,308.825518,0x405598,1,19213358,2709210,16504148,48,100.000000,1,1,314.042454,1.200000,0.800000,cat,7,7f00,1,1,31268864,30908416,90112,176780369920,176954556416,174186496,176780369920,176954556416,174186496,-1,-1,-1
3998,2,1000,3,4,4,309077.466184,309390.878600,161.440799,0x405598,1,7104977,5167226,1937751,56,100.000000,1,1,314.042454,1.200000,0.800000,cat,1,1,1,1,2342912,2342912,1081344,331533582336,331870150656,335667200,331533582336,331870150656,335847424,-1,-1,-1
3999,3,1000,0,4,4,309391.613798,309391.888291,0.274493,0x4055f0,1,11160,7363,3797,0,100.000000,1,1,0.391442,1.200000,0.800000,cat,1,1,1,1,2342912,1802240,-540672,420407263232,420408074240,811008,420407263232,420408074240,811008,-1,-1,-1
3999,3,1000,1,4,4,309391.643140,309392.005240,0.362100,0x4055f0,1,20293,4001,16292,40,100.000000,1,1,0.391442,1.200000,0.800000,cat,7,fe,1,1,29106176,29736960,630784,229747392512,229748023296,630784,229747392512,229748023296,630784,-1,-1,-1
3999,3,1000,2,4,4,309391.636575,309391.995849,0.359274,0x4055f0,1,20864,3984,16880,48,100.000000,1,1,0.391442,1.200000,0.800000,cat,7,7f00,1,1,30908416,30998528,90112,176954556416,176954826752,270336,176954556416,176954826752,270336,-1,-1,-1
3999,3,1000,3,4,4,309391.622310,309391.906459,0.284149,0x4055f0,1,10926,7278,3648,56,100.000000,1,1,0.391442,1.200000,0.800000,cat,1,1,1,1,2523136,2703360,180224,331870150656,331870330880,180224,331870150656,331870330880,180224,-1,-1,-1
4000,4,1000,0,4,4,309392.109102,309392.132073,0.022971,0x4056a0,1,455,325,130,0,100.000000,1,1,0.053403,1.200000,0.800000,cat,1,1,1,1,1802240,1802240,0,420408795136,420408795136,0,420408795136,420408795136,0,-1,-1,-1
4000,4,1000,1,4,4,309392.126902,309392.154592,0.027690,0x4056a0,1,304,89,215,40,100.000000,1,1,0.053403,1.200000,0.800000,cat,7,fe,1,1,29827072,29827072,0,229748023296,229748023296,0,229748023296,229748023296,0,-1,-1,-1
4000,4,1000,2,4,4,309392.133901,309392.162505,0.028604,0x4056a0,1,391,81,310,48,100.000000,1,1,0.053403,1.200000,0.800000,cat,7,7f00,1,1,30998528,30998528,0,176954826752,176954826752,0,176954826752,176954826752,0,-1,-1,-1
4000,4,1000,3,4,4,309392.117058,309392.138472,0.021414,0x4056a0,1,359,258,101,56,100.000000,1,1,0.053403,1.200000,0.800000,cat,1,1,1,1,2703360,2703360,0,331870420992,331870420992,0,331870420992,331870420992,0,-1,-1,-1
4001,5,1000,0,4,4,309392.234361,309392.264000,0.029639,0x405707,1,56,14,42,0,100.000000,1,1,0.068723,1.200000,0.800000,cat,1,1,1,1,1802240,1802240,0,420408795136,420408795136,0,420408795136,420408795136,0,-1,-1,-1
4001,5,1000,1,4,4,309392.252127,309392.297742,0.045615,0x405707,1,1979,576,1403,40,100.000000,1,1,0.068723,1.200000,0.800000,cat,7,fe,1,1,29827072,29917184,90112,229748023296,229748023296,0,229748023296,229748023296,0,-1,-1,-1
4001,5,1000,2,4,4,309392.259355,309392.303084,0.043729,0x405707,1,1435,250,1185,48,100.000000,1,1,0.068723,1.200000,0.800000,cat,7,7f00,1,1,30998528,30998528,0,176954826752,176954826752,0,176954826752,176954826752,0,-1,-1,-1
4001,5,1000,3,4,4,309392.243075,309392.277694,0.034619,0x405707,1,269,68,201,56,100.000000,1,1,0.068723,1.200000,0.800000,cat,1,1,1,1,2703360,2703360,0,331870420992,331870420992,0,331870420992,331870420992,0,-1,-1,-1
4398,2,1100,0,4,4,340295.684618,340609.453831,161.639207,0x405598,1,6170577,4901260,1269317,0,100.000000,1,1,314.383919,1.200000,0.800000,cat,1,1,1,1,3063808,2883584,901120,461953761280,462371610624,415776768,461953761280,462371610624,415866880,-1,-1,-1
4398,2,1100,1,4,4,340295.677078,340610.060708,311.285584,0x405598,1,19041602,2694092,16347510,40,100.000000,1,1,314.383919,1.200000,0.800000,cat,7,fe,1,1,29917184,29016064,180224,252533473280,252766953472,233029632,252533473280,252766953472,233029632,-1,-1,-1
4398,2,1100,2,4,4,340295.676789,340609.993017,308.942988,0x405598,1,19214658,2709853,16504805,48,100.000000,1,1,314.383919,1.200000,0.800000,cat,7,7f00,1,1,31088640,30728192,-180224,194675982336,194855395328,179412992,194675982336,194855395328,179412992,-1,-1,-1
4398,2,1100,3,4,4,340295.686442,340609.421500,161.701723,0x405598,1,7112860,5181964,1930896,56,100.000000,1,1,314.383919,1.200000,0.800000,cat,1,1,1,1,1982464,1712128,720896,364537733120,364878176256,339722240,364537733120,364878176256,339812352,-1,-1,-1
4399,3,1100,0,4,4,340610.165983,340610.447994,0.282011,0x4055f0,1,11074,7166,3908,0,100.000000,1,1,0.393043,1.200000,0.800000,cat,1,1,1,1,3063808,2703360,-360448,462372331520,462372872192,540672,462372331520,462372872192,540672,-1,-1,-1
4399,3,1100,1,4,4,340610.198243,340610.559026,0.360783,0x4055f0,1,20300,4074,16226,40,100.000000,1,1,0.393043,1.200000,0.800000,cat,7,fe,1,1,29286400,29556736,270336,252766953472,252768124928,1171456,252766953472,252768124928,1171456,-1,-1,-1
4399,3,1100,2,4,4,340610.178586,340610.542218,0.363632,0x4055f0,1,20853,4086,16767,48,100.000000,1,1,0.393043,1.200000,0.800000,cat,7,7f00,1,1,30818304,31178752,360448,194855395328,194855755776,360448,194855395328,194855755776,360448,-1,-1,-1
4399,3,1100,3,4,4,340610.191606,340610.477444,0.285838,0x4055f0,1,10941,7272,3669,56,100.000000,1,1,0.393043,1.200000,0.800000,cat,1,1,1,1,1712128,2072576,360448,364878176256,364878626816,450560,364878176256,364878626816,450560,-1,-1,-1
4400,4,1100,0,4,4,340610.682767,340610.707186,0.024419,0x4056a0,1,589,429,160,0,100.000000,1,1,0.057967,1.200000,0.800000,cat,1,1,1,1,2973696,2883584,-90112,462373593088,462373593088,0,462373593088,462373593088,0,-1,-1,-1
4400,4,1100,1,4,4,340610.689860,340610.717342,0.027482,0x4056a0,1,380,135,245,40,100.000000,1,1,0.057967,1.200000,0.800000,cat,7,fe,1,1,29646848,29646848,0,252768124928,252768124928,0,252768124928,252768124928,0,-1,-1,-1
4400,4,1100,2,4,4,340610.667738,340610.696172,0.028434,0x4056a0,1,398,103,295,48,100.000000,1,1,0.057967,1.200000,0.800000,cat,7,7f00,1,1,31178752,31178752,0,194855755776,194855845888,90112,194855755776,194855845888,90112,-1,-1,-1
4400,4,1100,3,4,4,340610.659375,340610.680714,0.021339,0x4056a0,1,350,252,98,56,100.000000,1,1,0.057967,1.200000,0.800000,cat,1,1,1,1,1892352,2072576,180224,364878626816,364878626816,0,364878626816,364878626816,0,-1,-1,-1
4401,5,1100,0,4,4,340610.787545,340610.819317,0.031772,0x405707,1,103,64,39,0,100.000000,1,1,0.050273,1.200000,0.800000,cat,1,1,1,1,2793472,2793472,0,462373593088,462373593088,0,462373593088,462373593088,0,-1,-1,-1
4401,5,1100,1,4,4,340610.791898,340610.837818,0.045920,0x405707,1,1533,332,1201,40,100.000000,1,1,0.050273,1.200000,0.800000,cat,7,fe,1,1,29827072,29827072,0,252768124928,252768124928,0,252768124928,252768124928,0,-1,-1,-1
4401,5,1100,2,4,4,340610.790493,340610.834430,0.043937,0x405707,1,1577,331,1246,48,100.000000,1,1,0.050273,1.200000,0.800000,cat,7,7f00,1,1,31178752,31358976,180224,194855845888,194855845888,0,194855845888,194855845888,0,-1,-1,-1
4401,5,1100,3,4,4,340610.795246,340610.829932,0.034686,0x405707,1,202,60,142,56,100.000000,1,1,0.050273,1.200000,0.800000,cat,1,1,1,1,2072576,2072576,0,364878626816,364878626816,0,364878626816,364878626816,0,-1,-1,-1
4798,2,1200,0,4,4,371425.651093,371742.197997,164.271781,0x405598,1,6169961,4904985,1264976,0,100.000000,1,1,317.178082,1.200000,0.800000,cat,1,1,1,1,3244032,3063808,1712128,503803666432,504224669696,419291136,503803666432,504224669696,419291136,-1,-1,-1
4798,2,1200,1,4,4,371425.627629,371742.805711,313.886194,0x405598,1,19043902,2742259,16301643,40,100.000000,1,1,317.178082,1.200000,0.800000,cat,7,fe,1,1,29646848,28835840,-90112,275534921728,275766870016,231317504,275534921728,275766870016,231317504,-1,-1,-1
4798,2,1200,2,4,4,371425.633525,371742.752193,312.444044,0x405598,1,19212858,2728059,16484799,48,100.000000,1,1,317.178082,1.200000,0.800000,cat,7,7f00,1,1,30818304,30457856,0,212771012608,212948353024,177340416,212771012608,212948353024,177340416,-1,-1,-1
4798,2,1200,3,4,4,371425.651488,371742.174282,163.934054,0x405598,1,7112430,5180872,1931558,56,100.000000,1,1,317.178082,1.200000,0.800000,cat,1,1,1,1,1712128,1622016,-180224,397686964224,398014521344,327106560,397686964224,398014521344,327106560,-1,-1,-1
4799,3,1200,0,4,4,371742.912968,371743.184587,0.271619,0x4055f0,1,11196,7301,3895,0,100.000000,1,1,0.377881,1.200000,0.800000,cat,1,1,1,1,2973696,2613248,-360448,504225300480,504226291712,991232,504225300480,504226291712,991232,-1,-1,-1
4799,3,1200,1,4,4,371742.936029,371743.290849,0.354820,0x4055f0,1,20271,4184,16087,40,100.000000,1,1,0.377881,1.200000,0.800000,cat,7,fe,1,1,28925952,29286400,360448,275766870016,275767590912,720896,275766870016,275767590912,720896,-1,-1,-1
4799,3,1200,2,4,4,371742.922885,371743.281666,0.358781,0x4055f0,1,20852,4052,16800,48,100.000000,1,1,0.377881,1.200000,0.800000,cat,7,7f00,1,1,30547968,30728192,180224,212948353024,212948713472,360448,212948353024,212948713472,360448,-1,-1,-1
4799,3,1200,3,4,4,371742.944064,371743.230238,0.286174,0x4055f0,1,10949,7286,3663,56,100.000000,1,1,0.377881,1.200000,0.800000,cat,1,1,1,1,1712128,2252800,540672,398014521344,398014791680,270336,398014521344,398014791680,270336,-1,-1,-1
4800,4,1200,0,4,4,371743.396675,371743.437044,0.040369,0x4056a0,1,1626,1387,239,0,100.000000,1,1,0.054581,1.200000,0.800000,cat,1,1,1,1,2613248,2523136,-90112,504227012608,504227102720,90112,504227012608,504227192832,180224,-1,-1,-1
4800,4,1200,1,4,4,371743.423208,371743.451256,0.028048,0x4056a0,1,421,139,282,40,100.000000,1,1,0.054581,1.200000,0.800000,cat,7,fe,1,1,29286400,29466624,180224,275767590912,275767590912,0,275767590912,275767590912,0,-1,-1,-1
4800,4,1200,2,4,4,371743.417216,371743.446100,0.028884,0x4056a0,1,441,139,302,48,100.000000,1,1,0.054581,1.200000,0.800000,cat,7,7f00,1,1,30638080,30638080,0,212948713472,212948713472,0,212948713472,212948713472,0,-1,-1,-1
4800,4,1200,3,4,4,371743.403630,371743.425346,0.021716,0x4056a0,1,353,248,105,56,100.000000,1,1,0.054581,1.200000,0.800000,cat,1,1,1,1,2162688,2252800,90112,398014791680,398014791680,0,398014791680,398014791680,0,-1,-1,-1
4801,5,1200,0,4,4,371743.517579,371743.545206,0.027627,0x405707,1,37,8,29,0,100.000000,1,1,0.068317,1.200000,0.800000,cat,1,1,1,1,2433024,2523136,90112,504227282944,504227282944,0,504227282944,504227282944,0,-1,-1,-1
4801,5,1200,1,4,4,371743.539337,371743.585896,0.046559,0x405707,1,1825,530,1295,40,100.000000,1,1,0.068317,1.200000,0.800000,cat,7,fe,1,1,29466624,29556736,90112,275767590912,275767590912,0,275767590912,275767590912,0,-1,-1,-1
4801,5,1200,2,4,4,371743.527525,371743.572027,0.044502,0x405707,1,1422,259,1163,48,100.000000,1,1,0.068317,1.200000,0.800000,cat,7,7f00,1,1,30638080,30728192,90112,212948713472,212948713472,0,212948713472,212948713472,0,-1,-1,-1
4801,5,1200,3,4,4,371743.545422,371743.580461,0.035039,0x405707,1,339,159,180,56,100.000000,1,1,0.068317,1.200000,0.800000,cat,1,1,1,1,2342912,2342912,0,398014791680,398014791680,0,398014791680,398014791680,0,-1,-1,-1
5198,2,1300,0,4,4,402658.368918,402966.803882,161.405612,0x405598,1,6176267,4913734,1262533,32,100.000000,1,1,309.070166,1.200000,0.800000,cat,1,1,1,1,3334144,2793472,270336,545773690880,546188206080,413433856,545773690880,546188206080,413433856,-1,-1,-1
5198,2,1300,1,4,4,402658.350062,402967.420063,304.576450,0x405598,1,19039432,2727347,16312085,40,100.000000,1,1,309.070166,1.200000,0.800000,cat,7,fe,1,1,29106176,28925952,90112,298631438336,298861043712,229244928,298631438336,298861043712,229244928,-1,-1,-1
5198,2,1300,2,4,4,402658.357113,402967.360034,304.859369,0x405598,1,19213400,2725965,16487435,48,100.000000,1,1,309.070166,1.200000,0.800000,cat,7,7f00,1,1,31268864,31358976,180224,230797647872,230980304896,182657024,230797647872,230980304896,182657024,-1,-1,-1
5198,2,1300,3,4,4,402658.349897,402966.782987,158.036079,0x405598,1,7105256,5194182,1911074,56,100.000000,1,1,309.070166,1.200000,0.800000,cat,1,1,1,1,1441792,1531904,2072576,430640111616,430979743744,337559552,430640111616,430979743744,337649664,-1,-1,-1
5199,3,1300,0,4,4,402967.601905,402967.933660,0.331755,0x4055f0,1,10622,7222,3400,32,100.000000,1,1,0.400828,1.200000,0.800000,cat,1,1,1,1,3784704,3244032,-540672,546189287424,546189828096,540672,546189287424,546189828096,540672,-1,-1,-1
5199,3,1300,1,4,4,402967.542073,402967.902523,0.360450,0x4055f0,1,20212,4077,16135,40,100.000000,1,1,0.400828,1.200000,0.800000,cat,7,fe,1,1,28925952,28835840,-90112,298861133824,298861854720,720896,298861133824,298861854720,720896,-1,-1,-1
5199,3,1300,2,4,4,402967.532832,402967.895729,0.362897,0x4055f0,1,20840,4016,16824,48,100.000000,1,1,0.400828,1.200000,0.800000,cat,7,7f00,1,1,31539200,31719424,180224,230980304896,230980665344,360448,230980304896,230980665344,360448,-1,-1,-1
5199,3,1300,3,4,4,402967.552573,402967.840784,0.288211,0x4055f0,1,10738,7505,3233,56,100.000000,1,1,0.400828,1.200000,0.800000,cat,1,1,1,1,1351680,1622016,270336,430979923968,430980284416,360448,430979923968,430980284416,360448,-1,-1,-1
5200,4,1300,0,4,4,402968.100248,402968.130528,0.030280,0x4056a0,1,2478,271,2207,32,100.000000,1,1,0.089504,1.200000,0.800000,cat,1,1,1,1,3604480,3514368,-90112,546190368768,546190368768,0,546190368768,546190368768,0,-1,-1,-1
5200,4,1300,1,4,4,402968.060179,402968.087965,0.027786,0x4056a0,1,353,104,249,40,100.000000,1,1,0.089504,1.200000,0.800000,cat,7,fe,1,1,29016064,29016064,0,298861854720,298861854720,0,298861854720,298861854720,0,-1,-1,-1
5200,4,1300,2,4,4,402968.050573,402968.079061,0.028488,0x4056a0,1,398,104,294,48,100.000000,1,1,0.089504,1.200000,0.800000,cat,7,7f00,1,1,31629312,31629312,0,230980665344,230980665344,0,230980665344,230980665344,0,-1,-1,-1
5200,4,1300,3,4,4,402968.041024,402968.063911,0.022887,0x4056a0,1,364,280,84,56,100.000000,1,1,0.089504,1.200000,0.800000,cat,1,1,1,1,1531904,1531904,0,430980284416,430980284416,0,430980284416,430980284416,0,-1,-1,-1
5201,5,1300,0,4,4,402968.202773,402968.239575,0.036802,0x405707,1,130,16,114,32,100.000000,1,1,0.063460,1.200000,0.800000,cat,1,1,1,1,3424256,3334144,-90112,546190548992,546190548992,0,546190548992,546190548992,0,-1,-1,-1
5201,5,1300,1,4,4,402968.222668,402968.266233,0.043565,0x405707,1,2094,680,1414,40,100.000000,1,1,0.063460,1.200000,0.800000,cat,7,fe,1,1,29016064,29376512,360448,298861854720,298861944832,90112,298861854720,298861944832,90112,-1,-1,-1
5201,5,1300,2,4,4,402968.205722,402968.249167,0.043445,0x405707,1,1359,379,980,48,100.000000,1,1,0.063460,1.200000,0.800000,cat,7,7f00,1,1,31629312,31719424,90112,230980665344,230980665344,0,230980665344,230980665344,0,-1,-1,-1
5201,5,1300,3,4,4,402968.212856,402968.249439,0.036583,0x405707,1,194,91,103,56,100.000000,1,1,0.063460,1.200000,0.800000,cat,1,1,1,1,1531904,1531904,0,430980284416,430980284416,0,430980284416,430980284416,0,-1,-1,-1
5598,2,1400,0,4,4,433759.946798,434073.534458,160.933458,0x405598,1,6149613,4886830,1262783,0,100.000000,1,1,314.195838,1.200000,0.800000,cat,1,1,1,1,3244032,3063808,360448,587359838208,587769667584,408387584,587359838208,587769667584,408477696,-1,-1,-1
5598,2,1400,1,4,4,433759.946761,434074.141858,310.524573,0x405598,1,19017278,2719236,16298042,40,100.000000,1,1,314.195838,1.200000,0.800000,cat,7,fe,1,1,29106176,29016064,180224,321680285696,321914937344,234201088,321680285696,321914937344,234201088,-1,-1,-1
5598,2,1400,2,4,4,433759.946775,434074.085041,310.455663,0x405598,1,19190746,2713538,16477208,48,100.000000,1,1,314.195838,1.200000,0.800000,cat,7,7f00,1,1,31178752,30908416,0,248828428288,249005498368,176979968,248828428288,249005498368,176979968,-1,-1,-1
5598,2,1400,3,4,4,433759.946020,434073.512061,161.090501,0x405598,1,7088664,5161253,1927411,56,100.000000,1,1,314.195838,1.200000,0.800000,cat,1,1,1,1,1982464,1351680,-270336,463587762176,463925952512,337920000,463587762176,463925952512,337920000,-1,-1,-1
5599,3,1400,0,4,4,434074.256123,434074.530897,0.274774,0x4055f0,1,10910,7125,3785,0,100.000000,1,1,0.391556,1.200000,0.800000,cat,1,1,1,1,3244032,2883584,-360448,587770208256,587770658816,450560,587770208256,587770658816,450560,-1,-1,-1
5599,3,1400,1,4,4,434074.286314,434074.647679,0.361365,0x4055f0,1,20273,4204,16069,40,100.000000,1,1,0.391556,1.200000,0.800000,cat,7,fe,1,1,29106176,29556736,450560,321914937344,321916108800,1171456,321914937344,321916108800,1171456,-1,-1,-1
5599,3,1400,2,4,4,434074.279236,434074.638160,0.358924,0x4055f0,1,20823,3997,16826,48,100.000000,1,1,0.391556,1.200000,0.800000,cat,7,7f00,1,1,30908416,31178752,270336,249005498368,249005768704,270336,249005498368,249005768704,270336,-1,-1,-1
5599,3,1400,3,4,4,434074.264405,434074.548638,0.284233,0x4055f0,1,10775,7021,3754,56,100.000000,1,1,0.391556,1.200000,0.800000,cat,1,1,1,1,1441792,1892352,450560,463926042624,463926132736,90112,463926042624,463926132736,90112,-1,-1,-1
5600,4,1400,0,4,4,434074.779233,434074.803530,0.024297,0x4056a0,1,1060,888,172,0,100.000000,1,1,0.053366,1.200000,0.800000,cat,1,1,1,1,2703360,2703360,0,587771379712,587771469824,90112,587771379712,587771469824,90112,-1,-1,-1
5600,4,1400,1,4,4,434074.756754,434074.784954,0.028200,0x4056a0,1,279,80,199,40,100.000000,1,1,0.053366,1.200000,0.800000,cat,7,fe,1,1,29556736,29646848,90112,321916108800,321916108800,0,321916108800,321916108800,0,-1,-1,-1
5600,4,1400,2,4,4,434074.770277,434074.798903,0.028626,0x4056a0,1,413,105,308,48,100.000000,1,1,0.053366,1.200000,0.800000,cat,7,7f00,1,1,31178752,31178752,0,249005768704,249005768704,0,249005768704,249005768704,0,-1,-1,-1
5600,4,1400,3,4,4,434074.750164,434074.772238,0.022074,0x4056a0,1,336,253,83,56,100.000000,1,1,0.053366,1.200000,0.800000,cat,1,1,1,1,1802240,1802240,0,463926132736,463926132736,0,463926132736,463926132736,0,-1,-1,-1
5601,5,1400,0,4,4,434074.864815,434074.897920,0.033105,0x405707,1,91,47,44,0,100.000000,1,1,0.074063,1.200000,0.800000,cat,1,1,1,1,2703360,2793472,90112,587771559936,587771650048,90112,587771559936,587771650048,90112,-1,-1,-1
5601,5,1400,1,4,4,434074.892980,434074.938878,0.045898,0x405707,1,1591,361,1230,40,100.000000,1,1,0.074063,1.200000,0.800000,cat,7,fe,1,1,29646848,29646848,0,321916108800,321916198912,90112,321916108800,321916198912,90112,-1,-1,-1
5601,5,1400,2,4,4,434074.874718,434074.921777,0.047059,0x405707,1,1126,159,967,48,100.000000,1,1,0.074063,1.200000,0.800000,cat,7,7f00,1,1,31178752,31268864,90112,249005858816,249005858816,0,249005858816,249005858816,0,-1,-1,-1
5601,5,1400,3,4,4,434074.886779,434074.921714,0.034935,0x405707,1,173,30,143,56,100.000000,1,1,0.074063,1.200000,0.800000,cat,1,1,1,1,1802240,1802240,0,463926222848,463926222848,0,463926222848,463926222848,0,-1,-1,-1
5998,2,1500,0,4,4,465054.801387,465356.452574,159.317107,0x405598,1,6153870,4872083,1281787,32,100.000000,1,1,302.289774,1.200000,0.800000,cat,1,1,1,1,2703360,2703360,360448,628613472256,629016453120,402259968,628613472256,629016453120,402259968,-1,-1,-1
5998,2,1500,1,4,4,465054.780314,465357.070051,299.637157,0x405598,1,19018173,2662603,16355570,40,100.000000,1,1,302.289774,1.200000,0.800000,cat,7,fe,1,1,29196288,28925952,-90112,344787345408,345017942016,230416384,344787345408,345017942016,230416384,-1,-1,-1
5998,2,1500,2,4,4,465054.781323,465357.001853,298.278828,0x405598,1,19185465,2687201,16498264,48,100.000000,1,1,302.289774,1.200000,0.800000,cat,7,7f00,1,1,31088640,30908416,-90112,266737647616,266915528704,177881088,266737647616,266915528704,177881088,-1,-1,-1
5998,2,1500,3,4,4,465054.780277,465356.438545,155.579051,0x405598,1,7084722,5169514,1915208,56,100.000000,1,1,302.289774,1.200000,0.800000,cat,1,1,1,1,1982464,1802240,1081344,496472604672,496814039040,339812352,496472604672,496814039040,339992576,-1,-1,-1
5999,3,1500,0,4,4,465357.263858,465357.565128,0.301270,0x4055f0,1,11142,7563,3579,32,100.000000,1,1,0.371878,1.200000,0.800000,cat,1,1,1,1,4055040,3063808,-991232,629017714688,629018345472,630784,629017714688,629018345472,630784,-1,-1,-1
5999,3,1500,1,4,4,465357.201615,465357.564093,0.362478,0x4055f0,1,20214,4018,16196,40,100.000000,1,1,0.371878,1.200000,0.800000,cat,7,fe,1,1,28925952,29196288,270336,345017942016,345018933248,991232,345017942016,345018933248,991232,-1,-1,-1
5999,3,1500,2,4,4,465357.193250,465357.561027,0.367777,0x4055f0,1,20851,3974,16877,48,100.000000,1,1,0.371878,1.200000,0.800000,cat,7,7f00,1,1,31178752,31268864,90112,266915528704,266915889152,360448,266915528704,266915889152,360448,-1,-1,-1
5999,3,1500,3,4,4,465357.214719,465357.503252,0.288533,0x4055f0,1,10944,7612,3332,56,100.000000,1,1,0.371878,1.200000,0.800000,cat,1,1,1,1,1531904,1892352,360448,496814399488,496814850048,450560,496814399488,496814850048,450560,-1,-1,-1
6000,4,1500,0,4,4,465357.748596,465357.779499,0.030903,0x4056a0,1,2780,514,2266,32,100.000000,1,1,0.093646,1.200000,0.800000,cat,1,1,1,1,3514368,3424256,-90112,629018796032,629018796032,0,629018796032,629018796032,0,-1,-1,-1
6000,4,1500,1,4,4,465357.692129,465357.720682,0.028553,0x4056a0,1,334,94,240,40,100.000000,1,1,0.093646,1.200000,0.800000,cat,7,fe,1,1,29286400,29376512,90112,345018933248,345018933248,0,345018933248,345018933248,0,-1,-1,-1
6000,4,1500,2,4,4,465357.749450,465357.777271,0.027821,0x4056a0,1,462,120,342,48,100.000000,1,1,0.093646,1.200000,0.800000,cat,7,7f00,1,1,31268864,31268864,0,266915889152,266915889152,0,266915889152,266915889152,0,-1,-1,-1
6000,4,1500,3,4,4,465357.685853,465357.707655,0.021802,0x4056a0,1,381,281,100,56,100.000000,1,1,0.093646,1.200000,0.800000,cat,1,1,1,1,1892352,1802240,-90112,496814940160,496814940160,0,496814940160,496814940160,0,-1,-1,-1
6001,5,1500,0,4,4,465357.852318,465357.888828,0.036510,0x405707,1,143,15,128,32,100.000000,1,1,0.073340,1.200000,0.800000,cat,1,1,1,1,3244032,3244032,0,629018976256,629018976256,0,629018976256,629018976256,0,-1,-1,-1
6001,5,1500,1,4,4,465357.874367,465357.918848,0.044481,0x405707,1,1712,489,1223,40,100.000000,1,1,0.073340,1.200000,0.800000,cat,7,fe,1,1,29376512,29556736,180224,345018933248,345019023360,90112,345018933248,345019023360,90112,-1,-1,-1
6001,5,1500,2,4,4,465357.881883,465357.925658,0.043775,0x405707,1,1443,418,1025,48,100.000000,1,1,0.073340,1.200000,0.800000,cat,7,7f00,1,1,31449088,31539200,90112,266915889152,266915889152,0,266915889152,266915889152,0,-1,-1,-1
6001,5,1500,3,4,4,465357.861819,465357.896952,0.035133,0x405707,1,171,86,85,56,100.000000,1,1,0.073340,1.200000,0.800000,cat,1,1,1,1,1802240,1802240,0,496814940160,496814940160,0,496814940160,496814940160,0,-1,-1,-1
6398,2,1600,0,4,4,496209.835059,496518.667493,167.200492,0x405598,1,6152071,4897013,1255058,32,100.000000,1,1,309.459931,1.200000,0.800000,cat,1,1,1,1,3424256,2613248,270336,670010114048,670421655552,410099712,670010114048,670421655552,410189824,-1,-1,-1
6398,2,1600,1,4,4,496209.827247,496519.269676,304.826916,0x405598,1,19017566,2673511,16344055,40,100.000000,1,1,309.459931,1.200000,0.800000,cat,7,fe,1,1,29376512,28385280,-360448,367952617472,368179609600,226181120,367952617472,368179609600,226181120,-1,-1,-1
6398,2,1600,2,4,4,496209.827289,496519.206782,305.258113,0x405598,1,19182386,2688346,16494040,48,100.000000,1,1,309.459931,1.200000,0.800000,cat,7,7f00,1,1,31088640,30908416,0,284398518272,284582166528,183648256,284398518272,284582166528,183648256,-1,-1,-1
6398,2,1600,3,4,4,496209.809745,496518.638915,157.061693,0x405598,1,7087242,5169087,1918155,56,100.000000,1,1,309.459931,1.200000,0.800000,cat,1,1,1,1,1171456,1982464,4956160,529584439296,529923260416,337199104,529584439296,529923260416,337199104,-1,-1,-1
6399,3,1600,0,4,4,496519.389402,496519.660171,0.270769,0x4055f0,1,11035,7171,3864,32,100.000000,1,1,0.394920,1.200000,0.800000,cat,1,1,1,1,2883584,2703360,-180224,670422196224,670422556672,360448,670422196224,670422556672,360448,-1,-1,-1
6399,3,1600,1,4,4,496519.406612,496519.763047,0.356435,0x4055f0,1,20290,3946,16344,40,100.000000,1,1,0.394920,1.200000,0.800000,cat,7,fe,1,1,28475392,29016064,540672,368179699712,368180150272,450560,368179699712,368180150272,450560,-1,-1,-1
6399,3,1600,2,4,4,496519.420417,496519.784322,0.363905,0x4055f0,1,20781,4005,16776,48,100.000000,1,1,0.394920,1.200000,0.800000,cat,7,7f00,1,1,30998528,30908416,-90112,284582166528,284582526976,360448,284582166528,284582526976,360448,-1,-1,-1
6399,3,1600,3,4,4,496519.427506,496519.712461,0.284955,0x4055f0,1,10719,7170,3549,56,100.000000,1,1,0.394920,1.200000,0.800000,cat,1,1,1,1,1802240,2162688,360448,529923260416,529923710976,450560,529923260416,529923710976,450560,-1,-1,-1
6400,4,1600,0,4,4,496519.963703,496519.995862,0.032159,0x4056a0,1,2470,422,2048,32,100.000000,1,1,0.111333,1.200000,0.800000,cat,1,1,1,1,3334144,3244032,-90112,670423728128,670423728128,0,670423728128,670423728128,0,-1,-1,-1
6400,4,1600,1,4,4,496519.906607,496519.934281,0.027674,0x4056a0,1,408,143,265,40,100.000000,1,1,0.111333,1.200000,0.800000,cat,7,fe,1,1,29106176,29196288,90112,368180150272,368180150272,0,368180150272,368180150272,0,-1,-1,-1
6400,4,1600,2,4,4,496519.895150,496519.923794,0.028644,0x4056a0,1,448,142,306,48,100.000000,1,1,0.111333,1.200000,0.800000,cat,7,7f00,1,1,31088640,31088640,0,284582526976,284582526976,0,284582526976,284582526976,0,-1,-1,-1
6400,4,1600,3,4,4,496519.884529,496519.906979,0.022450,0x4056a0,1,365,276,89,56,100.000000,1,1,0.111333,1.200000,0.800000,cat,1,1,1,1,2072576,1892352,-180224,529923801088,529923891200,90112,529923801088,529923891200,90112,-1,-1,-1
6401,5,1600,0,4,4,496520.107281,496520.148305,0.041024,0x405707,1,1531,52,1479,32,100.000000,1,1,0.088762,1.200000,0.800000,cat,1,1,1,1,3334144,3334144,0,670423728128,670423728128,0,670423728128,670423728128,0,-1,-1,-1
6401,5,1600,1,4,4,496520.076567,496520.121010,0.044443,0x405707,1,2035,728,1307,40,100.000000,1,1,0.088762,1.200000,0.800000,cat,7,fe,1,1,29196288,29286400,90112,368180240384,368180240384,0,368180240384,368180240384,0,-1,-1,-1
6401,5,1600,2,4,4,496520.108007,496520.153138,0.045131,0x405707,1,1084,249,835,48,100.000000,1,1,0.088762,1.200000,0.800000,cat,7,7f00,1,1,31088640,31088640,0,284582526976,284582526976,0,284582526976,284582526976,0,-1,-1,-1
6401,5,1600,3,4,4,496520.064376,496520.099838,0.035462,0x405707,1,188,89,99,56,100.000000,1,1,0.088762,1.200000,0.800000,cat,1,1,1,1,1982464,1982464,0,529923891200,529923891200,0,529923891200,529923891200,0,-1,-1,-1
6798,2,1700,0,4,4,527240.553374,527545.278153,160.704245,0x405598,1,6151788,4890136,1261652,32,100.000000,1,1,305.376019,1.200000,0.800000,cat,1,1,1,1,3153920,2342912,-180224,711577608192,711989600256,410640384,711577608192,711989600256,410640384,-1,-1,-1
6798,2,1700,1,4,4,527240.537758,527545.900664,301.942275,0x405598,1,19014609,2699889,16314720,40,100.000000,1,1,305.376019,1.200000,0.800000,cat,7,fe,1,1,29016064,28835840,0,391212957696,391435534336,221855744,391212957696,391435534336,221855744,-1,-1,-1
6798,2,1700,2,4,4,527240.537735,527545.829486,300.365637,0x405598,1,19185813,2703671,16482142,48,100.000000,1,1,305.376019,1.200000,0.800000,cat,7,7f00,1,1,31268864,30998528,360448,302147878912,302329905152,182026240,302147878912,302329905152,182026240,-1,-1,-1
6798,2,1700,3,4,4,527240.524645,527545.263222,157.675475,0x405598,1,7085653,5176415,1909238,56,100.000000,1,1,305.376019,1.200000,0.800000,cat,1,1,1,1,1712128,2342912,4866048,562718441472,563059875840,339632128,562718441472,563059875840,339902464,-1,-1,-1
6799,3,1700,0,4,4,527546.015894,527546.290571,0.274677,0x4055f0,1,11128,7106,4022,32,100.000000,1,1,0.389973,1.200000,0.800000,cat,1,1,1,1,2793472,2433024,-360448,711990140928,711990591488,450560,711990140928,711990681600,540672,-1,-1,-1
6799,3,1700,1,4,4,527546.036705,527546.405867,0.369162,0x4055f0,1,20308,4146,16162,40,100.000000,1,1,0.389973,1.200000,0.800000,cat,7,fe,1,1,28925952,29106176,180224,391435534336,391436345344,811008,391435534336,391436345344,811008,-1,-1,-1
6799,3,1700,2,4,4,527546.024329,527546.396284,0.371955,0x4055f0,1,20806,4009,16797,48,100.000000,1,1,0.389973,1.200000,0.800000,cat,7,7f00,1,1,31178752,30998528,-180224,302329905152,302330175488,270336,302329905152,302330175488,270336,-1,-1,-1
6799,3,1700,3,4,4,527546.044882,527546.337628,0.292746,0x4055f0,1,10874,7234,3640,56,100.000000,1,1,0.389973,1.200000,0.800000,cat,1,1,1,1,2342912,2433024,90112,563059875840,563060236288,360448,563059875840,563060236288,360448,-1,-1,-1
6800,4,1700,0,4,4,527546.511022,527546.535348,0.024326,0x4056a0,1,594,423,171,32,100.000000,1,1,0.047674,1.200000,0.800000,cat,1,1,1,1,2433024,2342912,-90112,711991312384,711991312384,0,711991312384,711991312384,0,-1,-1,-1
6800,4,1700,1,4,4,527546.530391,527546.558696,0.028305,0x4056a0,1,422,152,270,40,100.000000,1,1,0.047674,1.200000,0.800000,cat,7,fe,1,1,29196288,29286400,90112,391436345344,391436345344,0,391436345344,391436345344,0,-1,-1,-1
6800,4,1700,2,4,4,527546.518824,527546.547292,0.028468,0x4056a0,1,407,109,298,48,100.000000,1,1,0.047674,1.200000,0.800000,cat,7,7f00,1,1,30998528,30998528,0,302330265600,302330265600,0,302330265600,302330265600,0,-1,-1,-1
6800,4,1700,3,4,4,527546.536482,527546.558008,0.021526,0x4056a0,1,358,265,93,56,100.000000,1,1,0.047674,1.200000,0.800000,cat,1,1,1,1,2433024,2433024,0,563060236288,563060236288,0,563060236288,563060236288,0,-1,-1,-1
6801,5,1700,0,4,4,527546.629162,527546.665625,0.036463,0x405707,1,78,31,47,32,100.000000,1,1,0.072031,1.200000,0.800000,cat,1,1,1,1,2342912,2342912,0,711991312384,711991312384,0,711991312384,711991312384,0,-1,-1,-1
6801,5,1700,1,4,4,527546.654218,527546.701193,0.046975,0x405707,1,1842,538,1304,40,100.000000,1,1,0.072031,1.200000,0.800000,cat,7,fe,1,1,29286400,29556736,270336,391436345344,391436345344,0,391436345344,391436345344,0,-1,-1,-1
6801,5,1700,2,4,4,527546.638035,527546.684145,0.046110,0x405707,1,1369,241,1128,48,100.000000,1,1,0.072031,1.200000,0.800000,cat,7,7f00,1,1,30998528,31178752,180224,302330265600,302330265600,0,302330265600,302330265600,0,-1,-1,-1
6801,5,1700,3,4,4,527546.651357,527546.687148,0.035791,0x405707,1,314,126,188,56,100.000000,1,1,0.072031,1.200000,0.800000,cat,1,1,1,1,2433024,2433024,0,563060236288,563060236288,0,563060236288,563060236288,0,-1,-1,-1
7198,2,1800,0,4,4,558108.717970,558419.687709,168.066742,0x405598,1,6096913,4831335,1265578,0,100.000000,1,1,311.590244,1.200000,0.800000,cat,1,1,1,1,3153920,2793472,630784,752837820416,753247830016,409559040,752837820416,753247830016,409559040,-1,-1,-1
7198,2,1800,1,4,4,558108.696878,558420.285926,307.835610,0x405598,1,18854793,2616665,16238128,40,100.000000,1,1,311.590244,1.200000,0.800000,cat,7,fe,1,1,29016064,28565504,-180224,414225489920,414450769920,224919552,414225489920,414450769920,224919552,-1,-1,-1
7198,2,1800,2,4,4,558108.695682,558420.217076,306.819632,0x405598,1,19032135,2623740,16408395,48,100.000000,1,1,311.590244,1.200000,0.800000,cat,7,7f00,1,1,31268864,30638080,-360448,319597977600,319773425664,175448064,319597977600,319773425664,175448064,-1,-1,-1
7198,2,1800,3,4,4,558108.696530,558419.671422,160.093992,0x405598,1,7036526,5111101,1925425,56,100.000000,1,1,311.590244,1.200000,0.800000,cat,1,1,1,1,1982464,1531904,630784,595762331648,596095205376,332603392,595762331648,596095205376,332603392,-1,-1,-1
7199,3,1800,0,4,4,558420.399019,558420.665449,0.266430,0x4055f0,1,11360,7317,4043,0,100.000000,1,1,0.382324,1.200000,0.800000,cat,1,1,1,1,2973696,2883584,-90112,753248280576,753249001472,720896,753248280576,753249001472,720896,-1,-1,-1
7199,3,1800,1,4,4,558420.406509,558420.768371,0.361862,0x4055f0,1,20117,3812,16305,40,100.000000,1,1,0.382324,1.200000,0.800000,cat,7,fe,1,1,28655616,29106176,450560,414450769920,414451761152,991232,414450769920,414451761152,991232,-1,-1,-1
7199,3,1800,2,4,4,558420.427020,558420.781343,0.354323,0x4055f0,1,20741,3915,16826,48,100.000000,1,1,0.382324,1.200000,0.800000,cat,7,7f00,1,1,30638080,31268864,630784,319773425664,319773605888,180224,319773425664,319773605888,180224,-1,-1,-1
7199,3,1800,3,4,4,558420.419175,558420.700523,0.281348,0x4055f0,1,10907,7090,3817,56,100.000000,1,1,0.382324,1.200000,0.800000,cat,1,1,1,1,1441792,1622016,180224,596095205376,596095475712,270336,596095205376,596095475712,270336,-1,-1,-1
7200,4,1800,0,4,4,558420.895252,558420.918850,0.023598,0x4056a0,1,573,437,136,0,100.000000,1,1,0.050490,1.200000,0.800000,cat,1,1,1,1,2973696,2883584,-90112,753249452032,753249452032,0,753249452032,753249452032,0,-1,-1,-1
7200,4,1800,1,4,4,558420.902206,558420.930541,0.028335,0x4056a0,1,347,89,258,40,100.000000,1,1,0.050490,1.200000,0.800000,cat,7,fe,1,1,29106176,29286400,180224,414451761152,414451761152,0,414451761152,414451761152,0,-1,-1,-1
7200,4,1800,2,4,4,558420.917108,558420.945742,0.028634,0x4056a0,1,484,150,334,48,100.000000,1,1,0.050490,1.200000,0.800000,cat,7,7f00,1,1,31268864,31268864,0,319773605888,319773605888,0,319773605888,319773605888,0,-1,-1,-1
7200,4,1800,3,4,4,558420.910773,558420.931409,0.020636,0x4056a0,1,342,256,86,56,100.000000,1,1,0.050490,1.200000,0.800000,cat,1,1,1,1,1441792,1441792,0,596095655936,596095655936,0,596095655936,596095655936,0,-1,-1,-1
7201,5,1800,0,4,4,558421.010450,558421.046913,0.036463,0x405707,1,108,47,61,0,100.000000,1,1,0.068581,1.200000,0.800000,cat,1,1,1,1,2973696,3063808,90112,753249452032,753249452032,0,753249452032,753249452032,0,-1,-1,-1
7201,5,1800,1,4,4,558421.018713,558421.063929,0.045216,0x405707,1,1324,192,1132,40,100.000000,1,1,0.068581,1.200000,0.800000,cat,7,fe,1,1,29286400,29286400,0,414451761152,414451761152,0,414451761152,414451761152,0,-1,-1,-1
7201,5,1800,2,4,4,558421.033529,558421.079031,0.045502,0x405707,1,1407,205,1202,48,100.000000,1,1,0.068581,1.200000,0.800000,cat,7,7f00,1,1,31268864,31268864,0,319773605888,319773605888,0,319773605888,319773605888,0,-1,-1,-1
7201,5,1800,3,4,4,558421.026998,558421.062045,0.035047,0x405707,1,242,65,177,56,100.000000,1,1,0.068581,1.200000,0.800000,cat,1,1,1,1,1441792,1441792,0,596095655936,596095655936,0,596095655936,596095655936,0,-1,-1,-1
7598,2,1900,0,4,4,588913.538973,589213.805197,158.524924,0x405598,1,6057842,4780750,1277092,32,100.000000,1,1,300.869637,1.200000,0.800000,cat,1,1,1,1,2613248,2793472,360448,793462833152,793858785280,393879552,793462833152,793858785280,393879552,-1,-1,-1
7598,2,1900,1,4,4,588913.513839,589214.380664,297.258653,0x405598,1,18691517,2552262,16139255,40,100.000000,1,1,300.869637,1.200000,0.800000,cat,7,fe,1,1,29286400,28565504,360448,436923981824,437146288128,221765632,436923981824,437146288128,221765632,-1,-1,-1
7598,2,1900,2,4,4,588913.511027,589214.318947,297.262799,0x405598,1,18865923,2560401,16305522,48,100.000000,1,1,300.869637,1.200000,0.800000,cat,7,7f00,1,1,30818304,30457856,90112,336697180160,336880377856,183197696,336697180160,336880377856,183197696,-1,-1,-1
7598,2,1900,3,4,4,588913.521532,589213.779985,155.358702,0x405598,1,7001211,5082831,1918380,56,100.000000,1,1,300.869637,1.200000,0.800000,cat,1,1,1,1,2072576,1892352,2072576,628567334912,628889845760,320978944,628567334912,628889845760,321069056,-1,-1,-1
7599,3,1900,0,4,4,589214.485912,589214.743363,0.257451,0x4055f0,1,11011,7095,3916,32,100.000000,1,1,0.365678,1.200000,0.800000,cat,1,1,1,1,3063808,2973696,-90112,793859416064,793859956736,540672,793859416064,793859956736,540672,-1,-1,-1
7599,3,1900,1,4,4,589214.511929,589214.851590,0.339661,0x4055f0,1,20074,3714,16360,40,100.000000,1,1,0.365678,1.200000,0.800000,cat,7,fe,1,1,28565504,28925952,360448,437146288128,437147369472,1081344,437146288128,437147369472,1081344,-1,-1,-1
7599,3,1900,2,4,4,589214.505828,589214.846333,0.340505,0x4055f0,1,20659,3778,16881,48,100.000000,1,1,0.365678,1.200000,0.800000,cat,7,7f00,1,1,30547968,30638080,90112,336880377856,336880467968,90112,336880377856,336880467968,90112,-1,-1,-1
7599,3,1900,3,4,4,589214.497539,589214.768944,0.271405,0x4055f0,1,10613,6960,3653,56,100.000000,1,1,0.365678,1.200000,0.800000,cat,1,1,1,1,1802240,1892352,90112,628889935872,628890025984,90112,628889935872,628890025984,90112,-1,-1,-1
7600,4,1900,0,4,4,589214.986711,589215.009316,0.022605,0x4056a0,1,450,298,152,32,100.000000,1,1,0.054980,1.200000,0.800000,cat,1,1,1,1,2973696,2883584,-90112,793860407296,793860587520,180224,793860497408,793860587520,90112,-1,-1,-1
7600,4,1900,1,4,4,589214.977373,589215.004374,0.027001,0x4056a0,1,364,107,257,40,100.000000,1,1,0.054980,1.200000,0.800000,cat,7,fe,1,1,29016064,29106176,90112,437147369472,437147369472,0,437147369472,437147369472,0,-1,-1,-1
7600,4,1900,2,4,4,589214.964547,589214.992113,0.027566,0x4056a0,1,473,139,334,48,100.000000,1,1,0.054980,1.200000,0.800000,cat,7,7f00,1,1,30638080,30728192,90112,336880467968,336880467968,0,336880467968,336880467968,0,-1,-1,-1
7600,4,1900,3,4,4,589214.954336,589214.974768,0.020432,0x4056a0,1,375,277,98,56,100.000000,1,1,0.054980,1.200000,0.800000,cat,1,1,1,1,1802240,1892352,90112,628890206208,628890206208,0,628890206208,628890206208,0,-1,-1,-1
7601,5,1900,0,4,4,589215.073536,589215.107427,0.033891,0x405707,1,106,56,50,32,100.000000,1,1,0.058154,1.200000,0.800000,cat,1,1,1,1,2883584,2883584,0,793860587520,793860587520,0,793860587520,793860587520,0,-1,-1,-1
7601,5,1900,1,4,4,589215.090930,589215.131690,0.040760,0x405707,1,2105,558,1547,40,100.000000,1,1,0.058154,1.200000,0.800000,cat,7,fe,1,1,29106176,29196288,90112,437147369472,437147369472,0,437147369472,437147369472,0,-1,-1,-1
7601,5,1900,2,4,4,589215.077415,589215.120015,0.042600,0x405707,1,1323,181,1142,48,100.000000,1,1,0.058154,1.200000,0.800000,cat,7,7f00,1,1,30728192,30908416,180224,336880467968,336880467968,0,336880467968,336880467968,0,-1,-1,-1
7601,5,1900,3,4,4,589215.081074,589215.114107,0.033033,0x405707,1,163,26,137,56,100.000000,1,1,0.058154,1.200000,0.800000,cat,1,1,1,1,1982464,1982464,0,628890206208,628890206208,0,628890206208,628890206208,0,-1,-1,-1
7998,2,2000,0,4,4,619566.711318,619876.923056,163.390964,0x405598,1,6055201,4797813,1257388,0,100.000000,1,1,310.806341,1.200000,0.800000,cat,1,1,1,1,2793472,2793472,1261568,833146716160,833541316608,392617984,833146716160,833541316608,392617984,-1,-1,-1
7998,2,2000,1,4,4,619566.707612,619877.512147,305.527058,0x405598,1,18666032,2534604,16131428,40,100.000000,1,1,310.806341,1.200000,0.800000,cat,7,fe,1,1,29106176,28655616,90112,459209940992,459429904384,219783168,459209940992,459429904384,219783168,-1,-1,-1
7998,2,2000,2,4,4,619566.707949,619877.444944,307.483186,0x405598,1,18842165,2539936,16302229,48,100.000000,1,1,310.806341,1.200000,0.800000,cat,7,7f00,1,1,31088640,30547968,-450560,353387184128,353553711104,166526976,353387184128,353553711104,166526976,-1,-1,-1
7998,2,2000,3,4,4,619566.705806,619876.903457,160.818804,0x405598,1,7006847,5078810,1928037,56,100.000000,1,1,310.806341,1.200000,0.800000,cat,1,1,1,1,2252800,1802240,1351680,661113716736,661450465280,336207872,661113716736,661450465280,336207872,-1,-1,-1
7999,3,2000,0,4,4,619877.624517,619877.890114,0.265597,0x4055f0,1,11068,7195,3873,0,100.000000,1,1,0.383501,1.200000,0.800000,cat,1,1,1,1,2973696,2613248,-360448,833542127616,833542668288,540672,833542127616,833542668288,540672,-1,-1,-1
7999,3,2000,1,4,4,619877.652207,619878.008018,0.355811,0x4055f0,1,19992,3789,16203,40,100.000000,1,1,0.383501,1.200000,0.800000,cat,7,fe,1,1,28655616,28835840,180224,459429904384,459430895616,991232,459429904384,459430895616,991232,-1,-1,-1
7999,3,2000,2,4,4,619877.633144,619877.989007,0.355863,0x4055f0,1,20522,3807,16715,48,100.000000,1,1,0.383501,1.200000,0.800000,cat,7,7f00,1,1,30728192,31178752,450560,353553711104,353554161664,450560,353553711104,353554161664,450560,-1,-1,-1
7999,3,2000,3,4,4,619877.646217,619877.930755,0.284538,0x4055f0,1,10685,7037,3648,56,100.000000,1,1,0.383501,1.200000,0.800000,cat,1,1,1,1,1712128,1982464,270336,661450465280,661450915840,450560,661450465280,661450915840,450560,-1,-1,-1
8000,4,2000,0,4,4,619878.114306,619878.138178,0.023872,0x4056a0,1,610,442,168,0,100.000000,1,1,0.052220,1.200000,0.800000,cat,1,1,1,1,2793472,2703360,-90112,833543299072,833543299072,0,833543299072,833543299072,0,-1,-1,-1
8000,4,2000,1,4,4,619878.138276,619878.166526,0.028250,0x4056a0,1,448,127,321,40,100.000000,1,1,0.052220,1.200000,0.800000,cat,7,fe,1,1,28925952,29106176,180224,459430985728,459430985728,0,459430985728,459430985728,0,-1,-1,-1
8000,4,2000,2,4,4,619878.132320,619878.161473,0.029153,0x4056a0,1,505,142,363,48,100.000000,1,1,0.052220,1.200000,0.800000,cat,7,7f00,1,1,31178752,31268864,90112,353554161664,353554251776,90112,353554161664,353554251776,90112,-1,-1,-1
8000,4,2000,3,4,4,619878.120276,619878.142021,0.021745,0x4056a0,1,385,286,99,56,100.000000,1,1,0.052220,1.200000,0.800000,cat,1,1,1,1,1982464,2072576,90112,661450915840,661450915840,0,661450915840,661450915840,0,-1,-1,-1
8001,5,2000,0,4,4,619878.231509,619878.267461,0.035952,0x405707,1,100,42,58,0,100.000000,1,1,0.060418,1.200000,0.800000,cat,1,1,1,1,2793472,2793472,0,833543299072,833543299072,0,833543299072,833543299072,0,-1,-1,-1
8001,5,2000,1,4,4,619878.245926,619878.291927,0.046001,0x405707,1,1664,369,1295,40,100.000000,1,1,0.060418,1.200000,0.800000,cat,7,fe,1,1,29106176,29106176,0,459430985728,459430985728,0,459430985728,459430985728,0,-1,-1,-1
8001,5,2000,2,4,4,619878.235697,619878.280551,0.044854,0x405707,1,1490,227,1263,48,100.000000,1,1,0.060418,1.200000,0.800000,cat,7,7f00,1,1,31358976,31358976,0,353554251776,353554251776,0,353554251776,353554251776,0,-1,-1,-1
8001,5,2000,3,4,4,619878.239516,619878.274929,0.035413,0x405707,1,218,43,175,56,100.000000,1,1,0.060418,1.200000,0.800000,cat,1,1,1,1,1982464,1982464,0,661450915840,661450915840,0,661450915840,661450915840,0,-1,-1,-1
